Module,Framework,Iteration,Status,Time_Sec,RAM_MB
PASCAL,Major,1,success,6.49,324.17
PASCAL,PITest,1,success,4.32,298.33
PASCAL,Major,2,success,5.08,312.45
PASCAL,PITest,2,success,3.80,303.58
PASCAL,Major,3,success,3.55,322.17
PASCAL,PITest,3,success,3.22,297.80
PASCAL,Major,4,success,4.07,316.17
PASCAL,PITest,4,success,3.34,303.80
PASCAL,Major,5,success,3.66,304.52
PASCAL,PITest,5,success,3.27,312.05
PASCAL,Major,6,success,3.78,313.67
PASCAL,PITest,6,success,3.03,311.75
PASCAL,Major,7,success,3.47,295.14
PASCAL,PITest,7,success,3.01,295.95
PASCAL,Major,8,success,3.47,310.69
PASCAL,PITest,8,success,3.48,328.95
PASCAL,Major,9,success,4.33,305.81
PASCAL,PITest,9,success,3.14,296.05
PASCAL,Major,10,success,3.58,313.67
PASCAL,PITest,10,success,3.17,315.23
PASCAL,Major,11,success,3.58,318.64
PASCAL,PITest,11,success,3.09,303.58
PASCAL,Major,12,success,3.52,308.14
PASCAL,PITest,12,success,3.18,299.69
PASCAL,Major,13,success,3.60,313.94
PASCAL,PITest,13,success,3.05,309.47
PASCAL,Major,14,success,3.47,291.83
PASCAL,PITest,14,success,3.04,304.52
PASCAL,Major,15,success,3.57,303.92
PASCAL,PITest,15,success,3.17,312.38
PASCAL,Major,16,success,3.60,308.67
PASCAL,PITest,16,success,2.94,312.78
PASCAL,Major,17,success,3.50,310.77
PASCAL,PITest,17,success,2.94,296.94
PASCAL,Major,18,success,3.37,303.52
PASCAL,PITest,18,success,3.06,315.61
PASCAL,Major,19,success,3.37,326.64
PASCAL,PITest,19,success,2.95,272.20
PASCAL,Major,20,success,3.37,317.19
PASCAL,PITest,20,success,2.93,309.20
PASCAL,Major,21,success,3.37,327.78
PASCAL,PITest,21,success,2.95,279.34
PASCAL,Major,22,success,3.37,323.86
PASCAL,PITest,22,success,3.05,304.64
PASCAL,Major,23,success,3.38,313.36
PASCAL,PITest,23,success,2.93,315.62
PASCAL,Major,24,success,3.38,325.61
PASCAL,PITest,24,success,3.07,317.44
PASCAL,Major,25,success,3.38,310.36
PASCAL,PITest,25,success,2.92,319.47
PASCAL,Major,26,success,3.27,292.64
PASCAL,PITest,26,success,2.95,309.66
PASCAL,Major,27,success,3.37,284.83
PASCAL,PITest,27,success,2.95,288.89
PASCAL,Major,28,success,3.31,266.91
PASCAL,PITest,28,success,3.06,290.16
PASCAL,Major,29,success,3.38,311.92
PASCAL,PITest,29,success,2.85,295.80
PASCAL,Major,30,success,3.28,316.44
PASCAL,PITest,30,success,2.84,317.41
FIND_IN_SORTED,Major,1,success,3.82,263.34
FIND_IN_SORTED,PITest,1,success,3.19,294.67
FIND_IN_SORTED,Major,2,success,3.37,309.34
FIND_IN_SORTED,PITest,2,success,3.06,311.36
FIND_IN_SORTED,Major,3,success,3.29,305.73
FIND_IN_SORTED,PITest,3,success,2.86,320.05
FIND_IN_SORTED,Major,4,success,3.40,294.42
FIND_IN_SORTED,PITest,4,success,2.97,310.62
FIND_IN_SORTED,Major,5,success,3.28,296.59
FIND_IN_SORTED,PITest,5,success,2.97,306.77
FIND_IN_SORTED,Major,6,success,3.19,295.86
FIND_IN_SORTED,PITest,6,success,2.96,323.97
FIND_IN_SORTED,Major,7,success,3.29,295.25
FIND_IN_SORTED,PITest,7,success,2.94,313.81
FIND_IN_SORTED,Major,8,success,3.16,308.67
FIND_IN_SORTED,PITest,8,success,2.95,289.33
FIND_IN_SORTED,Major,9,success,4.51,293.44
FIND_IN_SORTED,PITest,9,success,2.84,301.47
FIND_IN_SORTED,Major,10,success,3.14,301.38
FIND_IN_SORTED,PITest,10,success,2.85,309.97
FIND_IN_SORTED,Major,11,success,3.17,306.73
FIND_IN_SORTED,PITest,11,success,2.84,305.72
FIND_IN_SORTED,Major,12,success,3.40,307.41
FIND_IN_SORTED,PITest,12,success,2.85,310.81
FIND_IN_SORTED,Major,13,success,3.26,292.95
FIND_IN_SORTED,PITest,13,success,2.94,300.80
FIND_IN_SORTED,Major,14,success,3.28,299.62
FIND_IN_SORTED,PITest,14,success,2.83,318.30
FIND_IN_SORTED,Major,15,success,3.27,300.97
FIND_IN_SORTED,PITest,15,success,2.97,311.31
FIND_IN_SORTED,Major,16,success,3.27,282.06
FIND_IN_SORTED,PITest,16,success,2.88,309.86
FIND_IN_SORTED,Major,17,success,3.27,279.50
FIND_IN_SORTED,PITest,17,success,2.92,316.70
FIND_IN_SORTED,Major,18,success,3.25,295.17
FIND_IN_SORTED,PITest,18,success,2.83,310.27
FIND_IN_SORTED,Major,19,success,3.25,302.64
FIND_IN_SORTED,PITest,19,success,2.90,310.02
FIND_IN_SORTED,Major,20,success,3.27,298.66
FIND_IN_SORTED,PITest,20,success,2.95,309.73
FIND_IN_SORTED,Major,21,success,3.28,288.59
FIND_IN_SORTED,PITest,21,success,2.84,307.45
FIND_IN_SORTED,Major,22,success,3.23,288.19
FIND_IN_SORTED,PITest,22,success,2.93,308.81
FIND_IN_SORTED,Major,23,success,3.26,317.14
FIND_IN_SORTED,PITest,23,success,2.94,315.17
FIND_IN_SORTED,Major,24,success,3.27,299.14
FIND_IN_SORTED,PITest,24,success,2.94,318.53
FIND_IN_SORTED,Major,25,success,3.16,315.16
FIND_IN_SORTED,PITest,25,success,2.92,297.56
FIND_IN_SORTED,Major,26,success,3.28,289.98
FIND_IN_SORTED,PITest,26,success,2.90,312.25
FIND_IN_SORTED,Major,27,success,3.25,291.59
FIND_IN_SORTED,PITest,27,success,2.94,311.36
FIND_IN_SORTED,Major,28,success,3.15,300.34
FIND_IN_SORTED,PITest,28,success,3.06,306.41
FIND_IN_SORTED,Major,29,success,3.35,272.78
FIND_IN_SORTED,PITest,29,success,2.89,308.22
FIND_IN_SORTED,Major,30,success,3.37,294.55
FIND_IN_SORTED,PITest,30,success,2.87,314.27
LIS,Major,1,success,3.24,292.83
LIS,PITest,1,success,2.93,317.38
LIS,Major,2,success,3.37,307.70
LIS,PITest,2,success,2.91,319.55
LIS,Major,3,success,3.38,312.00
LIS,PITest,3,success,2.93,323.03
LIS,Major,4,success,3.22,303.94
LIS,PITest,4,success,2.95,319.67
LIS,Major,5,success,3.25,304.77
LIS,PITest,5,success,2.92,314.12
LIS,Major,6,success,3.27,324.33
LIS,PITest,6,success,2.93,316.84
LIS,Major,7,success,3.26,332.11
LIS,PITest,7,success,3.01,295.69
LIS,Major,8,success,3.24,296.59
LIS,PITest,8,success,2.92,306.59
LIS,Major,9,success,3.25,310.30
LIS,PITest,9,success,2.91,287.41
LIS,Major,10,success,3.26,325.80
LIS,PITest,10,success,2.91,316.83
LIS,Major,11,success,3.25,293.86
LIS,PITest,11,success,2.92,309.02
LIS,Major,12,success,3.56,312.58
LIS,PITest,12,success,2.87,320.75
LIS,Major,13,success,3.24,319.09
LIS,PITest,13,success,2.93,325.19
LIS,Major,14,success,3.27,328.44
LIS,PITest,14,success,3.04,310.98
LIS,Major,15,success,3.26,323.97
LIS,PITest,15,success,2.93,319.69
LIS,Major,16,success,3.39,316.53
LIS,PITest,16,success,2.92,317.58
LIS,Major,17,success,3.38,303.02
LIS,PITest,17,success,2.84,306.92
LIS,Major,18,success,3.48,299.75
LIS,PITest,18,success,3.04,297.45
LIS,Major,19,success,3.26,310.69
LIS,PITest,19,success,2.94,320.27
LIS,Major,20,success,3.34,294.28
LIS,PITest,20,success,2.97,317.36
LIS,Major,21,success,3.25,317.34
LIS,PITest,21,success,2.92,322.23
LIS,Major,22,success,3.15,303.45
LIS,PITest,22,success,2.91,319.75
LIS,Major,23,success,3.30,309.61
LIS,PITest,23,success,2.94,330.66
LIS,Major,24,success,3.27,306.92
LIS,PITest,24,success,3.03,321.58
LIS,Major,25,success,3.60,294.86
LIS,PITest,25,success,2.94,323.56
LIS,Major,26,success,3.27,320.89
LIS,PITest,26,success,3.01,304.09
LIS,Major,27,success,3.28,267.81
LIS,PITest,27,success,2.91,283.11
LIS,Major,28,success,3.36,296.89
LIS,PITest,28,success,2.92,327.27
LIS,Major,29,success,3.23,323.03
LIS,PITest,29,success,2.94,317.25
LIS,Major,30,success,3.26,322.73
LIS,PITest,30,success,2.91,323.94
POSSIBLE_CHANGE,Major,1,success,3.41,333.70
POSSIBLE_CHANGE,PITest,1,success,2.82,316.45
POSSIBLE_CHANGE,Major,2,success,3.39,295.06
POSSIBLE_CHANGE,PITest,2,success,2.83,320.91
POSSIBLE_CHANGE,Major,3,success,3.37,334.94
POSSIBLE_CHANGE,PITest,3,success,2.70,311.44
POSSIBLE_CHANGE,Major,4,success,3.40,314.59
POSSIBLE_CHANGE,PITest,4,success,2.80,310.22
POSSIBLE_CHANGE,Major,5,success,3.35,315.22
POSSIBLE_CHANGE,PITest,5,success,4.46,222.05
POSSIBLE_CHANGE,Major,6,success,4.12,242.27
POSSIBLE_CHANGE,PITest,6,success,2.89,303.28
POSSIBLE_CHANGE,Major,7,success,3.36,330.89
POSSIBLE_CHANGE,PITest,7,success,3.25,306.23
POSSIBLE_CHANGE,Major,8,success,3.41,311.58
POSSIBLE_CHANGE,PITest,8,success,2.81,301.30
POSSIBLE_CHANGE,Major,9,success,3.39,313.38
POSSIBLE_CHANGE,PITest,9,success,2.77,310.62
POSSIBLE_CHANGE,Major,10,success,4.08,274.17
POSSIBLE_CHANGE,PITest,10,success,2.82,309.20
POSSIBLE_CHANGE,Major,11,success,3.28,331.50
POSSIBLE_CHANGE,PITest,11,success,2.73,307.86
POSSIBLE_CHANGE,Major,12,success,3.35,319.14
POSSIBLE_CHANGE,PITest,12,success,3.38,304.98
POSSIBLE_CHANGE,Major,13,success,3.15,321.36
POSSIBLE_CHANGE,PITest,13,success,2.58,342.38
POSSIBLE_CHANGE,Major,14,success,3.06,343.84
POSSIBLE_CHANGE,PITest,14,success,2.56,315.58
POSSIBLE_CHANGE,Major,15,success,3.57,322.94
POSSIBLE_CHANGE,PITest,15,success,2.53,307.19
POSSIBLE_CHANGE,Major,16,success,3.04,325.59
POSSIBLE_CHANGE,PITest,16,success,2.51,315.33
POSSIBLE_CHANGE,Major,17,success,3.07,325.14
POSSIBLE_CHANGE,PITest,17,success,2.94,250.81
POSSIBLE_CHANGE,Major,18,success,3.33,327.80
POSSIBLE_CHANGE,PITest,18,success,2.59,304.58
POSSIBLE_CHANGE,Major,19,success,3.05,322.97
POSSIBLE_CHANGE,PITest,19,success,2.49,304.14
POSSIBLE_CHANGE,Major,20,success,3.85,254.91
POSSIBLE_CHANGE,PITest,20,success,4.37,271.92
POSSIBLE_CHANGE,Major,21,success,4.15,330.53
POSSIBLE_CHANGE,PITest,21,success,2.61,312.77
POSSIBLE_CHANGE,Major,22,success,3.62,322.78
POSSIBLE_CHANGE,PITest,22,success,2.63,314.55
POSSIBLE_CHANGE,Major,23,success,3.19,316.11
POSSIBLE_CHANGE,PITest,23,success,2.82,331.16
POSSIBLE_CHANGE,Major,24,success,3.06,330.02
POSSIBLE_CHANGE,PITest,24,success,2.71,310.75
POSSIBLE_CHANGE,Major,25,success,3.03,329.72
POSSIBLE_CHANGE,PITest,25,success,2.60,333.48
POSSIBLE_CHANGE,Major,26,success,3.14,361.11
POSSIBLE_CHANGE,PITest,26,success,2.56,309.12
POSSIBLE_CHANGE,Major,27,success,3.18,338.25
POSSIBLE_CHANGE,PITest,27,success,2.62,299.77
POSSIBLE_CHANGE,Major,28,success,3.38,323.23
POSSIBLE_CHANGE,PITest,28,success,2.50,314.48
POSSIBLE_CHANGE,Major,29,success,3.06,344.27
POSSIBLE_CHANGE,PITest,29,success,2.53,309.62
POSSIBLE_CHANGE,Major,30,success,3.42,328.59
POSSIBLE_CHANGE,PITest,30,success,2.50,306.86
LCS_LENGTH,Major,1,success,3.17,302.39
LCS_LENGTH,PITest,1,success,2.94,337.36
LCS_LENGTH,Major,2,success,3.18,327.77
LCS_LENGTH,PITest,2,success,3.27,303.25
LCS_LENGTH,Major,3,success,3.21,302.28
LCS_LENGTH,PITest,3,success,2.93,336.02
LCS_LENGTH,Major,4,success,3.40,312.38
LCS_LENGTH,PITest,4,success,2.94,319.27
LCS_LENGTH,Major,5,success,3.27,312.52
LCS_LENGTH,PITest,5,success,2.96,300.84
LCS_LENGTH,Major,6,success,3.17,317.39
LCS_LENGTH,PITest,6,success,2.93,327.16
LCS_LENGTH,Major,7,success,3.38,277.30
LCS_LENGTH,PITest,7,success,3.06,322.30
LCS_LENGTH,Major,8,success,3.16,330.88
LCS_LENGTH,PITest,8,success,2.94,322.53
LCS_LENGTH,Major,9,success,3.17,319.83
LCS_LENGTH,PITest,9,success,3.27,285.17
LCS_LENGTH,Major,10,success,3.18,332.14
LCS_LENGTH,PITest,10,success,2.95,314.17
LCS_LENGTH,Major,11,success,3.16,343.62
LCS_LENGTH,PITest,11,success,2.99,347.98
LCS_LENGTH,Major,12,success,3.58,299.98
LCS_LENGTH,PITest,12,success,2.98,307.33
LCS_LENGTH,Major,13,success,3.40,323.30
LCS_LENGTH,PITest,13,success,2.97,331.08
LCS_LENGTH,Major,14,success,3.14,327.12
LCS_LENGTH,PITest,14,success,3.28,331.14
LCS_LENGTH,Major,15,success,3.19,320.80
LCS_LENGTH,PITest,15,success,3.04,330.69
LCS_LENGTH,Major,16,success,3.29,334.42
LCS_LENGTH,PITest,16,success,3.04,328.83
LCS_LENGTH,Major,17,success,3.18,335.39
LCS_LENGTH,PITest,17,success,2.96,286.27
LCS_LENGTH,Major,18,success,3.18,337.42
LCS_LENGTH,PITest,18,success,3.17,320.86
LCS_LENGTH,Major,19,success,3.75,312.36
LCS_LENGTH,PITest,19,success,2.95,330.09
LCS_LENGTH,Major,20,success,3.18,326.53
LCS_LENGTH,PITest,20,success,2.95,329.94
LCS_LENGTH,Major,21,success,3.17,319.47
LCS_LENGTH,PITest,21,success,3.32,294.36
LCS_LENGTH,Major,22,success,3.26,326.88
LCS_LENGTH,PITest,22,success,2.93,329.98
LCS_LENGTH,Major,23,success,3.18,327.11
LCS_LENGTH,PITest,23,success,2.92,329.16
LCS_LENGTH,Major,24,success,3.37,322.50
LCS_LENGTH,PITest,24,success,3.09,343.55
LCS_LENGTH,Major,25,success,3.18,340.08
LCS_LENGTH,PITest,25,success,2.95,336.33
LCS_LENGTH,Major,26,success,3.19,328.02
LCS_LENGTH,PITest,26,success,3.27,318.50
LCS_LENGTH,Major,27,success,3.30,336.75
LCS_LENGTH,PITest,27,success,2.96,328.98
LCS_LENGTH,Major,28,success,3.21,330.83
LCS_LENGTH,PITest,28,success,3.41,316.64
LCS_LENGTH,Major,29,success,3.65,273.66
LCS_LENGTH,PITest,29,success,3.39,329.34
LCS_LENGTH,Major,30,success,3.89,326.61
LCS_LENGTH,PITest,30,success,3.44,345.69
KNAPSACK,Major,1,success,24.95,1232.36
KNAPSACK,PITest,1,success,4.22,895.09
KNAPSACK,Major,2,success,25.74,1306.41
KNAPSACK,PITest,2,success,3.99,919.58
KNAPSACK,Major,3,success,25.45,1064.95
KNAPSACK,PITest,3,success,4.51,932.89
KNAPSACK,Major,4,success,25.59,1303.17
KNAPSACK,PITest,4,success,3.86,982.36
KNAPSACK,Major,5,success,25.03,1317.92
KNAPSACK,PITest,5,success,4.04,856.64
KNAPSACK,Major,6,success,25.25,1136.66
KNAPSACK,PITest,6,success,3.99,920.23
KNAPSACK,Major,7,success,24.74,1075.98
KNAPSACK,PITest,7,success,4.55,905.83
KNAPSACK,Major,8,success,24.51,1294.11
KNAPSACK,PITest,8,success,3.97,844.36
KNAPSACK,Major,9,success,24.81,1169.72
KNAPSACK,PITest,9,success,4.36,785.83
KNAPSACK,Major,10,success,24.97,1092.69
KNAPSACK,PITest,10,success,4.19,757.73
KNAPSACK,Major,11,success,24.52,1054.98
KNAPSACK,PITest,11,success,4.08,896.34
KNAPSACK,Major,12,success,24.59,1246.28
KNAPSACK,PITest,12,success,4.30,935.52
KNAPSACK,Major,13,success,24.47,1315.59
KNAPSACK,PITest,13,success,4.49,788.53
KNAPSACK,Major,14,success,24.65,1295.70
KNAPSACK,PITest,14,success,4.45,894.86
KNAPSACK,Major,15,success,24.67,1268.56
KNAPSACK,PITest,15,success,3.90,962.69
KNAPSACK,Major,16,success,24.98,1190.12
KNAPSACK,PITest,16,success,4.09,830.62
KNAPSACK,Major,17,success,24.78,1324.39
KNAPSACK,PITest,17,success,3.99,882.61
KNAPSACK,Major,18,success,24.69,1060.73
KNAPSACK,PITest,18,success,3.99,931.33
KNAPSACK,Major,19,success,24.77,1094.80
KNAPSACK,PITest,19,success,4.10,943.03
KNAPSACK,Major,20,success,24.47,1047.08
KNAPSACK,PITest,20,success,4.17,873.61
KNAPSACK,Major,21,success,25.38,1194.47
KNAPSACK,PITest,21,success,4.19,809.70
KNAPSACK,Major,22,success,24.81,972.41
KNAPSACK,PITest,22,success,4.13,814.31
KNAPSACK,Major,23,success,24.73,1036.48
KNAPSACK,PITest,23,success,4.17,877.02
KNAPSACK,Major,24,success,25.22,905.66
KNAPSACK,PITest,24,success,4.09,850.22
KNAPSACK,Major,25,success,24.34,1473.73
KNAPSACK,PITest,25,success,4.36,952.11
KNAPSACK,Major,26,success,24.36,1469.89
KNAPSACK,PITest,26,success,4.23,948.94
KNAPSACK,Major,27,success,24.58,1395.38
KNAPSACK,PITest,27,success,4.11,886.06
KNAPSACK,Major,28,success,24.58,1343.14
KNAPSACK,PITest,28,success,4.04,975.36
KNAPSACK,Major,29,success,24.60,1333.09
KNAPSACK,PITest,29,success,4.13,940.06
KNAPSACK,Major,30,success,24.57,1345.41
KNAPSACK,PITest,30,success,3.90,966.67
module_1_bst,Major,1,success,3.61,346.25
module_1_bst,PITest,1,success,3.42,304.23
module_1_bst,Major,2,success,3.37,305.61
module_1_bst,PITest,2,success,3.05,324.30
module_1_bst,Major,3,success,3.05,297.03
module_1_bst,PITest,3,success,2.93,314.56
module_1_bst,Major,4,success,3.67,284.98
module_1_bst,PITest,4,success,2.93,314.83
module_1_bst,Major,5,success,3.25,307.33
module_1_bst,PITest,5,success,2.93,311.89
module_1_bst,Major,6,success,3.35,304.77
module_1_bst,PITest,6,success,2.94,325.36
module_1_bst,Major,7,success,3.15,295.22
module_1_bst,PITest,7,success,2.92,314.91
module_1_bst,Major,8,success,3.24,321.64
module_1_bst,PITest,8,success,3.12,305.72
module_1_bst,Major,9,success,3.22,303.14
module_1_bst,PITest,9,success,3.01,320.91
module_1_bst,Major,10,success,3.22,312.06
module_1_bst,PITest,10,success,2.97,335.14
module_1_bst,Major,11,success,3.46,293.59
module_1_bst,PITest,11,success,2.98,316.81
module_1_bst,Major,12,success,3.23,329.62
module_1_bst,PITest,12,success,2.99,315.78
module_1_bst,Major,13,success,3.22,310.34
module_1_bst,PITest,13,success,3.36,302.42
module_1_bst,Major,14,success,3.26,309.03
module_1_bst,PITest,14,success,2.91,314.02
module_1_bst,Major,15,success,3.25,312.05
module_1_bst,PITest,15,success,2.99,340.53
module_1_bst,Major,16,success,3.24,299.27
module_1_bst,PITest,16,success,2.91,316.09
module_1_bst,Major,17,success,3.24,322.88
module_1_bst,PITest,17,success,2.93,330.72
module_1_bst,Major,18,success,3.25,302.34
module_1_bst,PITest,18,success,3.03,318.05
module_1_bst,Major,19,success,3.13,303.38
module_1_bst,PITest,19,success,2.91,332.39
module_1_bst,Major,20,success,3.23,307.67
module_1_bst,PITest,20,success,3.32,322.20
module_1_bst,Major,21,success,3.31,298.20
module_1_bst,PITest,21,success,3.00,315.00
module_1_bst,Major,22,success,3.13,322.33
module_1_bst,PITest,22,success,2.92,333.39
module_1_bst,Major,23,success,3.35,282.06
module_1_bst,PITest,23,success,2.92,301.50
module_1_bst,Major,24,success,3.25,318.50
module_1_bst,PITest,24,success,2.94,335.20
module_1_bst,Major,25,success,3.17,298.45
module_1_bst,PITest,25,success,3.23,300.20
module_1_bst,Major,26,success,3.23,319.23
module_1_bst,PITest,26,success,2.98,338.03
module_1_bst,Major,27,success,3.21,305.53
module_1_bst,PITest,27,success,2.91,307.56
module_1_bst,Major,28,success,3.58,291.03
module_1_bst,PITest,28,success,3.00,338.28
module_1_bst,Major,29,success,3.22,305.14
module_1_bst,PITest,29,success,2.93,315.94
module_1_bst,Major,30,success,3.16,307.62
module_1_bst,PITest,30,success,3.04,310.72
FIND_FIRST_IN_SORTED,Major,1,success,4.61,315.75
FIND_FIRST_IN_SORTED,PITest,1,success,5.92,331.67
FIND_FIRST_IN_SORTED,Major,2,success,4.84,306.09
FIND_FIRST_IN_SORTED,PITest,2,success,5.86,312.45
FIND_FIRST_IN_SORTED,Major,3,success,4.75,334.27
FIND_FIRST_IN_SORTED,PITest,3,success,5.85,300.22
FIND_FIRST_IN_SORTED,Major,4,success,4.65,333.00
FIND_FIRST_IN_SORTED,PITest,4,success,6.07,310.55
FIND_FIRST_IN_SORTED,Major,5,success,4.79,313.67
FIND_FIRST_IN_SORTED,PITest,5,success,5.81,324.84
FIND_FIRST_IN_SORTED,Major,6,success,4.58,320.06
FIND_FIRST_IN_SORTED,PITest,6,success,5.85,304.22
FIND_FIRST_IN_SORTED,Major,7,success,4.70,331.39
FIND_FIRST_IN_SORTED,PITest,7,success,5.90,328.34
FIND_FIRST_IN_SORTED,Major,8,success,4.66,325.34
FIND_FIRST_IN_SORTED,PITest,8,success,5.67,312.03
FIND_FIRST_IN_SORTED,Major,9,success,4.81,266.05
FIND_FIRST_IN_SORTED,PITest,9,success,5.95,314.48
FIND_FIRST_IN_SORTED,Major,10,success,4.68,324.47
FIND_FIRST_IN_SORTED,PITest,10,success,5.92,310.81
FIND_FIRST_IN_SORTED,Major,11,success,4.68,330.06
FIND_FIRST_IN_SORTED,PITest,11,success,5.86,312.02
FIND_FIRST_IN_SORTED,Major,12,success,4.92,325.66
FIND_FIRST_IN_SORTED,PITest,12,success,5.88,311.41
FIND_FIRST_IN_SORTED,Major,13,success,4.58,320.17
FIND_FIRST_IN_SORTED,PITest,13,success,6.05,301.45
FIND_FIRST_IN_SORTED,Major,14,success,4.84,288.28
FIND_FIRST_IN_SORTED,PITest,14,success,6.03,308.42
FIND_FIRST_IN_SORTED,Major,15,success,4.66,327.36
FIND_FIRST_IN_SORTED,PITest,15,success,5.88,317.73
FIND_FIRST_IN_SORTED,Major,16,success,4.80,297.17
FIND_FIRST_IN_SORTED,PITest,16,success,5.67,312.25
FIND_FIRST_IN_SORTED,Major,17,success,4.63,329.62
FIND_FIRST_IN_SORTED,PITest,17,success,5.89,310.70
FIND_FIRST_IN_SORTED,Major,18,success,4.62,316.28
FIND_FIRST_IN_SORTED,PITest,18,success,5.68,315.31
FIND_FIRST_IN_SORTED,Major,19,success,4.92,314.42
FIND_FIRST_IN_SORTED,PITest,19,success,5.84,313.52
FIND_FIRST_IN_SORTED,Major,20,success,4.65,318.16
FIND_FIRST_IN_SORTED,PITest,20,success,6.03,279.31
FIND_FIRST_IN_SORTED,Major,21,success,4.61,324.94
FIND_FIRST_IN_SORTED,PITest,21,success,5.82,309.92
FIND_FIRST_IN_SORTED,Major,22,success,4.81,318.73
FIND_FIRST_IN_SORTED,PITest,22,success,5.81,312.22
FIND_FIRST_IN_SORTED,Major,23,success,4.63,320.19
FIND_FIRST_IN_SORTED,PITest,23,success,6.01,282.05
FIND_FIRST_IN_SORTED,Major,24,success,4.76,324.09
FIND_FIRST_IN_SORTED,PITest,24,success,5.88,319.33
FIND_FIRST_IN_SORTED,Major,25,success,4.73,315.67
FIND_FIRST_IN_SORTED,PITest,25,success,5.86,312.70
FIND_FIRST_IN_SORTED,Major,26,success,4.79,292.73
FIND_FIRST_IN_SORTED,PITest,26,success,5.94,316.72
FIND_FIRST_IN_SORTED,Major,27,success,4.61,325.66
FIND_FIRST_IN_SORTED,PITest,27,success,5.70,310.83
FIND_FIRST_IN_SORTED,Major,28,success,4.72,326.22
FIND_FIRST_IN_SORTED,PITest,28,success,5.87,310.55
FIND_FIRST_IN_SORTED,Major,29,success,4.89,287.92
FIND_FIRST_IN_SORTED,PITest,29,success,5.82,315.03
FIND_FIRST_IN_SORTED,Major,30,success,4.70,327.92
FIND_FIRST_IN_SORTED,PITest,30,success,5.97,304.16
POWERSET,Major,1,success,3.11,293.48
POWERSET,PITest,1,success,2.43,309.88
POWERSET,Major,2,success,3.11,268.97
POWERSET,PITest,2,success,2.79,283.78
POWERSET,Major,3,success,3.10,292.45
POWERSET,PITest,3,success,2.55,288.50
POWERSET,Major,4,success,3.10,286.77
POWERSET,PITest,4,success,2.57,326.11
POWERSET,Major,5,success,3.75,259.73
POWERSET,PITest,5,success,2.43,329.75
POWERSET,Major,6,success,2.99,280.44
POWERSET,PITest,6,success,2.43,315.83
POWERSET,Major,7,success,3.16,296.58
POWERSET,PITest,7,success,2.43,311.44
POWERSET,Major,8,success,3.21,282.92
POWERSET,PITest,8,success,2.47,310.91
POWERSET,Major,9,success,3.02,282.39
POWERSET,PITest,9,success,2.45,307.58
POWERSET,Major,10,success,3.03,293.11
POWERSET,PITest,10,success,2.73,291.09
POWERSET,Major,11,success,3.08,284.77
POWERSET,PITest,11,success,2.53,299.06
POWERSET,Major,12,success,2.98,291.81
POWERSET,PITest,12,success,2.43,306.81
POWERSET,Major,13,success,3.23,265.23
POWERSET,PITest,13,success,2.55,299.88
POWERSET,Major,14,success,3.04,281.86
POWERSET,PITest,14,success,2.44,312.91
POWERSET,Major,15,success,2.98,297.48
POWERSET,PITest,15,success,2.42,335.02
POWERSET,Major,16,success,3.25,295.53
POWERSET,PITest,16,success,2.48,336.27
POWERSET,Major,17,success,3.03,305.92
POWERSET,PITest,17,success,2.35,313.61
POWERSET,Major,18,success,3.02,306.83
POWERSET,PITest,18,success,2.57,266.59
POWERSET,Major,19,success,3.01,287.58
POWERSET,PITest,19,success,2.46,282.14
POWERSET,Major,20,success,3.02,288.53
POWERSET,PITest,20,success,2.45,313.78
POWERSET,Major,21,success,2.92,296.19
POWERSET,PITest,21,success,2.68,298.27
POWERSET,Major,22,success,3.13,290.22
POWERSET,PITest,22,success,2.48,320.44
POWERSET,Major,23,success,3.13,286.22
POWERSET,PITest,23,success,2.47,311.59
POWERSET,Major,24,success,3.32,258.22
POWERSET,PITest,24,success,2.46,313.03
POWERSET,Major,25,success,3.03,281.20
POWERSET,PITest,25,success,2.38,313.03
POWERSET,Major,26,success,3.04,283.70
POWERSET,PITest,26,success,2.36,315.97
POWERSET,Major,27,success,3.25,302.97
POWERSET,PITest,27,success,2.47,316.62
POWERSET,Major,28,success,2.92,295.50
POWERSET,PITest,28,success,2.36,314.25
POWERSET,Major,29,success,3.03,283.39
POWERSET,PITest,29,success,2.66,276.38
POWERSET,Major,30,success,3.02,278.12
POWERSET,PITest,30,success,2.46,292.41
module_6_LRUCache,Major,1,success,3.24,308.12
module_6_LRUCache,PITest,1,success,2.79,312.50
module_6_LRUCache,Major,2,success,3.86,258.23
module_6_LRUCache,PITest,2,success,2.97,309.36
module_6_LRUCache,Major,3,success,3.30,297.72
module_6_LRUCache,PITest,3,success,2.87,311.55
module_6_LRUCache,Major,4,success,3.31,320.05
module_6_LRUCache,PITest,4,success,3.21,294.83
module_6_LRUCache,Major,5,success,3.34,284.88
module_6_LRUCache,PITest,5,success,2.90,338.19
module_6_LRUCache,Major,6,success,3.20,317.48
module_6_LRUCache,PITest,6,success,2.99,303.20
module_6_LRUCache,Major,7,success,3.54,314.81
module_6_LRUCache,PITest,7,success,2.88,296.94
module_6_LRUCache,Major,8,success,3.25,320.11
module_6_LRUCache,PITest,8,success,2.88,316.12
module_6_LRUCache,Major,9,success,3.49,273.80
module_6_LRUCache,PITest,9,success,2.89,319.62
module_6_LRUCache,Major,10,success,3.33,304.72
module_6_LRUCache,PITest,10,success,2.82,331.92
module_6_LRUCache,Major,11,success,3.26,299.42
module_6_LRUCache,PITest,11,success,3.10,287.78
module_6_LRUCache,Major,12,success,3.21,321.75
module_6_LRUCache,PITest,12,success,2.87,302.66
module_6_LRUCache,Major,13,success,3.25,311.12
module_6_LRUCache,PITest,13,success,2.82,344.11
module_6_LRUCache,Major,14,success,3.46,292.34
module_6_LRUCache,PITest,14,success,2.93,315.25
module_6_LRUCache,Major,15,success,3.19,295.94
module_6_LRUCache,PITest,15,success,2.88,338.66
module_6_LRUCache,Major,16,success,3.25,307.41
module_6_LRUCache,PITest,16,success,3.35,296.39
module_6_LRUCache,Major,17,success,3.41,299.64
module_6_LRUCache,PITest,17,success,2.79,312.88
module_6_LRUCache,Major,18,success,3.22,326.88
module_6_LRUCache,PITest,18,success,2.87,339.09
module_6_LRUCache,Major,19,success,3.79,301.62
module_6_LRUCache,PITest,19,success,2.87,284.64
module_6_LRUCache,Major,20,success,3.21,318.39
module_6_LRUCache,PITest,20,success,2.77,338.45
module_6_LRUCache,Major,21,success,3.20,325.19
module_6_LRUCache,PITest,21,success,2.90,305.59
module_6_LRUCache,Major,22,success,3.23,311.98
module_6_LRUCache,PITest,22,success,2.81,341.41
module_6_LRUCache,Major,23,success,3.27,321.47
module_6_LRUCache,PITest,23,success,2.90,315.00
module_6_LRUCache,Major,24,success,3.34,307.27
module_6_LRUCache,PITest,24,success,2.84,329.05
module_6_LRUCache,Major,25,success,3.26,314.41
module_6_LRUCache,PITest,25,success,2.82,315.52
module_6_LRUCache,Major,26,success,3.41,270.23
module_6_LRUCache,PITest,26,success,2.89,338.98
module_6_LRUCache,Major,27,success,3.25,317.73
module_6_LRUCache,PITest,27,success,2.88,338.98
module_6_LRUCache,Major,28,success,3.26,313.11
module_6_LRUCache,PITest,28,success,2.99,260.72
module_6_LRUCache,Major,29,success,3.24,318.41
module_6_LRUCache,PITest,29,success,2.87,327.53
module_6_LRUCache,Major,30,success,3.23,313.06
module_6_LRUCache,PITest,30,success,2.85,314.47
module_4_djikstra,Major,1,success,3.74,339.36
module_4_djikstra,PITest,1,success,3.20,328.27
module_4_djikstra,Major,2,success,3.40,323.78
module_4_djikstra,PITest,2,success,3.19,339.03
module_4_djikstra,Major,3,success,3.69,341.77
module_4_djikstra,PITest,3,success,3.33,334.83
module_4_djikstra,Major,4,success,3.35,355.73
module_4_djikstra,PITest,4,success,3.33,342.38
module_4_djikstra,Major,5,success,3.83,321.58
module_4_djikstra,PITest,5,success,4.25,316.16
module_4_djikstra,Major,6,success,3.96,352.44
module_4_djikstra,PITest,6,success,3.56,340.70
module_4_djikstra,Major,7,success,3.65,329.16
module_4_djikstra,PITest,7,success,4.10,342.20
module_4_djikstra,Major,8,success,4.05,340.86
module_4_djikstra,PITest,8,success,3.32,344.31
module_4_djikstra,Major,9,success,3.68,357.73
module_4_djikstra,PITest,9,success,3.68,308.72
module_4_djikstra,Major,10,success,4.03,345.00
module_4_djikstra,PITest,10,success,3.93,338.42
module_4_djikstra,Major,11,success,3.80,336.16
module_4_djikstra,PITest,11,success,3.99,333.16
module_4_djikstra,Major,12,success,3.68,324.73
module_4_djikstra,PITest,12,success,3.57,321.39
module_4_djikstra,Major,13,success,3.83,327.31
module_4_djikstra,PITest,13,success,4.00,332.83
module_4_djikstra,Major,14,success,3.71,331.88
module_4_djikstra,PITest,14,success,3.49,343.62
module_4_djikstra,Major,15,success,3.72,361.39
module_4_djikstra,PITest,15,success,3.69,333.97
module_4_djikstra,Major,16,success,3.57,335.25
module_4_djikstra,PITest,16,success,3.49,343.33
module_4_djikstra,Major,17,success,3.90,332.98
module_4_djikstra,PITest,17,success,3.78,331.92
module_4_djikstra,Major,18,success,4.02,363.20
module_4_djikstra,PITest,18,success,3.56,337.69
module_4_djikstra,Major,19,success,3.55,334.08
module_4_djikstra,PITest,19,success,3.57,333.70
module_4_djikstra,Major,20,success,3.77,328.16
module_4_djikstra,PITest,20,success,3.68,317.42
module_4_djikstra,Major,21,success,3.77,344.81
module_4_djikstra,PITest,21,success,3.91,305.41
module_4_djikstra,Major,22,success,3.49,331.61
module_4_djikstra,PITest,22,success,3.26,329.84
module_4_djikstra,Major,23,success,3.78,360.41
module_4_djikstra,PITest,23,success,3.80,322.06
module_4_djikstra,Major,24,success,3.59,329.52
module_4_djikstra,PITest,24,success,3.56,339.69
module_4_djikstra,Major,25,success,3.90,347.19
module_4_djikstra,PITest,25,success,3.75,301.83
module_4_djikstra,Major,26,success,3.59,333.88
module_4_djikstra,PITest,26,success,3.37,337.52
module_4_djikstra,Major,27,success,3.50,333.36
module_4_djikstra,PITest,27,success,3.39,337.41
module_4_djikstra,Major,28,success,3.57,340.59
module_4_djikstra,PITest,28,success,3.25,328.11
module_4_djikstra,Major,29,success,3.57,325.80
module_4_djikstra,PITest,29,success,3.57,339.11
module_4_djikstra,Major,30,success,4.29,327.39
module_4_djikstra,PITest,30,success,3.35,335.28
GCD,Major,1,success,3.01,300.53
GCD,PITest,1,success,2.47,304.11
GCD,Major,2,success,3.46,246.44
GCD,PITest,2,success,2.54,301.19
GCD,Major,3,success,3.10,268.19
GCD,PITest,3,success,2.43,310.84
GCD,Major,4,success,3.01,288.41
GCD,PITest,4,success,2.44,306.05
GCD,Major,5,success,3.44,281.55
GCD,PITest,5,success,2.54,277.36
GCD,Major,6,success,3.22,284.52
GCD,PITest,6,success,2.67,306.61
GCD,Major,7,success,2.89,292.73
GCD,PITest,7,success,3.01,291.11
GCD,Major,8,success,3.02,291.06
GCD,PITest,8,success,2.48,310.75
GCD,Major,9,success,3.02,277.98
GCD,PITest,9,success,2.48,308.75
GCD,Major,10,success,3.24,264.42
GCD,PITest,10,success,2.47,281.47
GCD,Major,11,success,2.92,289.11
GCD,PITest,11,success,2.44,303.98
GCD,Major,12,success,2.83,286.98
GCD,PITest,12,success,2.57,304.12
GCD,Major,13,success,3.43,290.64
GCD,PITest,13,success,2.68,305.94
GCD,Major,14,success,3.02,284.38
GCD,PITest,14,success,2.47,317.17
GCD,Major,15,success,3.13,284.41
GCD,PITest,15,success,2.92,304.56
GCD,Major,16,success,3.20,291.19
GCD,PITest,16,success,2.45,309.03
GCD,Major,17,success,2.94,284.30
GCD,PITest,17,success,2.44,306.92
GCD,Major,18,success,3.32,269.38
GCD,PITest,18,success,2.46,289.17
GCD,Major,19,success,3.02,283.39
GCD,PITest,19,success,2.68,309.50
GCD,Major,20,success,3.13,290.83
GCD,PITest,20,success,2.64,300.03
GCD,Major,21,success,3.29,276.77
GCD,PITest,21,success,2.54,307.05
GCD,Major,22,success,3.04,302.02
GCD,PITest,22,success,2.46,301.97
GCD,Major,23,success,2.91,293.31
GCD,PITest,23,success,2.99,293.61
GCD,Major,24,success,3.11,288.67
GCD,PITest,24,success,2.46,312.58
GCD,Major,25,success,3.02,304.91
GCD,PITest,25,success,2.47,308.94
GCD,Major,26,success,3.36,271.11
GCD,PITest,26,success,2.49,290.52
GCD,Major,27,success,3.01,294.97
GCD,PITest,27,success,2.46,308.64
GCD,Major,28,success,3.10,293.84
GCD,PITest,28,success,2.65,282.20
GCD,Major,29,success,3.11,279.47
GCD,PITest,29,success,2.47,309.88
GCD,Major,30,success,2.90,278.12
GCD,PITest,30,success,2.47,308.06
KHEAPSORT,Major,1,success,3.05,295.62
KHEAPSORT,PITest,1,success,2.81,303.67
KHEAPSORT,Major,2,success,3.34,282.94
KHEAPSORT,PITest,2,success,2.71,316.12
KHEAPSORT,Major,3,success,3.13,283.61
KHEAPSORT,PITest,3,success,2.58,306.22
KHEAPSORT,Major,4,success,3.45,261.92
KHEAPSORT,PITest,4,success,2.58,300.09
KHEAPSORT,Major,5,success,3.30,289.56
KHEAPSORT,PITest,5,success,2.67,311.75
KHEAPSORT,Major,6,success,3.34,304.19
KHEAPSORT,PITest,6,success,2.89,298.22
KHEAPSORT,Major,7,success,3.24,283.55
KHEAPSORT,PITest,7,success,2.44,299.84
KHEAPSORT,Major,8,success,2.98,293.97
KHEAPSORT,PITest,8,success,2.45,312.17
KHEAPSORT,Major,9,success,3.35,275.47
KHEAPSORT,PITest,9,success,2.44,273.95
KHEAPSORT,Major,10,success,2.99,295.64
KHEAPSORT,PITest,10,success,2.44,294.16
KHEAPSORT,Major,11,success,3.01,304.25
KHEAPSORT,PITest,11,success,2.44,328.20
KHEAPSORT,Major,12,success,3.65,272.00
KHEAPSORT,PITest,12,success,2.47,302.19
KHEAPSORT,Major,13,success,3.06,298.47
KHEAPSORT,PITest,13,success,2.45,299.73
KHEAPSORT,Major,14,success,3.04,294.61
KHEAPSORT,PITest,14,success,2.88,289.62
KHEAPSORT,Major,15,success,3.18,280.64
KHEAPSORT,PITest,15,success,2.46,315.31
KHEAPSORT,Major,16,success,3.33,295.17
KHEAPSORT,PITest,16,success,2.64,311.14
KHEAPSORT,Major,17,success,3.21,280.64
KHEAPSORT,PITest,17,success,2.56,289.78
KHEAPSORT,Major,18,success,3.33,292.77
KHEAPSORT,PITest,18,success,2.67,311.20
KHEAPSORT,Major,19,success,3.32,288.84
KHEAPSORT,PITest,19,success,2.91,297.09
KHEAPSORT,Major,20,success,3.46,302.75
KHEAPSORT,PITest,20,success,2.46,304.09
KHEAPSORT,Major,21,success,3.04,289.80
KHEAPSORT,PITest,21,error,7.38,276.86
KHEAPSORT,Major,22,success,3.13,299.47
KHEAPSORT,PITest,22,success,2.37,310.81
KHEAPSORT,Major,23,success,3.03,294.27
KHEAPSORT,PITest,23,success,2.36,317.95
KHEAPSORT,Major,24,success,3.23,268.41
KHEAPSORT,PITest,24,success,2.44,307.64
KHEAPSORT,Major,25,success,3.04,294.97
KHEAPSORT,PITest,25,success,2.42,306.95
KHEAPSORT,Major,26,success,3.02,296.31
KHEAPSORT,PITest,26,success,2.46,313.50
KHEAPSORT,Major,27,success,3.02,280.03
KHEAPSORT,PITest,27,success,2.45,311.81
KHEAPSORT,Major,28,success,3.04,281.95
KHEAPSORT,PITest,28,success,2.36,312.67
KHEAPSORT,Major,29,success,3.05,297.94
KHEAPSORT,PITest,29,success,2.71,286.94
KHEAPSORT,Major,30,success,3.01,291.05
KHEAPSORT,PITest,30,success,2.36,313.08
SQRT,Major,1,success,5.24,284.89
SQRT,PITest,1,success,14.90,307.77
SQRT,Major,2,success,5.35,275.86
SQRT,PITest,2,success,15.14,309.36
SQRT,Major,3,success,5.33,299.77
SQRT,PITest,3,success,15.23,311.78
SQRT,Major,4,success,5.41,309.27
SQRT,PITest,4,success,15.39,270.27
SQRT,Major,5,success,5.67,279.59
SQRT,PITest,5,success,15.19,341.95
SQRT,Major,6,success,5.42,309.61
SQRT,PITest,6,success,15.02,312.14
SQRT,Major,7,success,5.23,311.42
SQRT,PITest,7,success,15.15,291.72
SQRT,Major,8,success,5.55,294.48
SQRT,PITest,8,success,15.16,322.09
SQRT,Major,9,success,5.38,303.00
SQRT,PITest,9,success,15.20,306.22
SQRT,Major,10,success,5.36,285.31
SQRT,PITest,10,success,15.30,318.67
SQRT,Major,11,success,5.36,307.19
SQRT,PITest,11,success,15.07,315.53
SQRT,Major,12,success,5.40,302.97
SQRT,PITest,12,success,15.03,317.12
SQRT,Major,13,success,5.38,279.72
SQRT,PITest,13,success,15.25,305.61
SQRT,Major,14,success,5.37,300.50
SQRT,PITest,14,success,15.27,312.69
SQRT,Major,15,success,5.39,302.77
SQRT,PITest,15,success,15.15,281.45
SQRT,Major,16,success,5.55,288.20
SQRT,PITest,16,success,15.07,303.69
SQRT,Major,17,success,5.36,308.88
SQRT,PITest,17,success,15.04,311.22
SQRT,Major,18,success,5.39,310.03
SQRT,PITest,18,success,15.26,304.09
SQRT,Major,19,success,5.40,303.58
SQRT,PITest,19,success,15.23,300.30
SQRT,Major,20,success,5.35,311.78
SQRT,PITest,20,success,15.15,308.19
SQRT,Major,21,success,5.38,305.39
SQRT,PITest,21,success,15.24,308.25
SQRT,Major,22,success,5.44,289.20
SQRT,PITest,22,success,15.34,339.05
SQRT,Major,23,success,5.37,311.95
SQRT,PITest,23,success,15.16,307.69
SQRT,Major,24,success,5.37,260.48
SQRT,PITest,24,success,15.00,306.42
SQRT,Major,25,success,5.46,275.59
SQRT,PITest,25,success,15.01,314.25
SQRT,Major,26,success,5.44,308.02
SQRT,PITest,26,success,15.46,274.75
SQRT,Major,27,success,5.50,293.02
SQRT,PITest,27,success,15.03,292.67
SQRT,Major,28,success,5.45,309.27
SQRT,PITest,28,success,14.80,317.55
SQRT,Major,29,success,5.37,311.84
SQRT,PITest,29,success,15.19,302.42
SQRT,Major,30,success,5.55,302.11
SQRT,PITest,30,success,14.98,313.78
LONGEST_COMMON_SUBSEQUENCE,Major,1,success,3.38,361.03
LONGEST_COMMON_SUBSEQUENCE,PITest,1,success,2.59,308.94
LONGEST_COMMON_SUBSEQUENCE,Major,2,success,3.03,354.30
LONGEST_COMMON_SUBSEQUENCE,PITest,2,success,2.90,296.64
LONGEST_COMMON_SUBSEQUENCE,Major,3,success,3.22,312.12
LONGEST_COMMON_SUBSEQUENCE,PITest,3,success,2.56,307.72
LONGEST_COMMON_SUBSEQUENCE,Major,4,success,3.12,364.06
LONGEST_COMMON_SUBSEQUENCE,PITest,4,success,2.57,319.72
LONGEST_COMMON_SUBSEQUENCE,Major,5,success,3.78,333.16
LONGEST_COMMON_SUBSEQUENCE,PITest,5,success,2.64,331.14
LONGEST_COMMON_SUBSEQUENCE,Major,6,success,3.20,358.31
LONGEST_COMMON_SUBSEQUENCE,PITest,6,success,2.56,321.73
LONGEST_COMMON_SUBSEQUENCE,Major,7,success,3.08,351.50
LONGEST_COMMON_SUBSEQUENCE,PITest,7,success,2.77,294.92
LONGEST_COMMON_SUBSEQUENCE,Major,8,success,3.23,346.53
LONGEST_COMMON_SUBSEQUENCE,PITest,8,success,2.58,318.52
LONGEST_COMMON_SUBSEQUENCE,Major,9,success,3.18,363.42
LONGEST_COMMON_SUBSEQUENCE,PITest,9,success,2.53,318.55
LONGEST_COMMON_SUBSEQUENCE,Major,10,success,3.41,313.69
LONGEST_COMMON_SUBSEQUENCE,PITest,10,success,2.54,304.17
LONGEST_COMMON_SUBSEQUENCE,Major,11,success,3.19,356.70
LONGEST_COMMON_SUBSEQUENCE,PITest,11,success,2.56,325.80
LONGEST_COMMON_SUBSEQUENCE,Major,12,success,3.21,351.30
LONGEST_COMMON_SUBSEQUENCE,PITest,12,success,2.67,335.84
LONGEST_COMMON_SUBSEQUENCE,Major,13,success,3.35,346.69
LONGEST_COMMON_SUBSEQUENCE,PITest,13,success,2.78,328.80
LONGEST_COMMON_SUBSEQUENCE,Major,14,success,3.19,360.06
LONGEST_COMMON_SUBSEQUENCE,PITest,14,success,2.47,337.45
LONGEST_COMMON_SUBSEQUENCE,Major,15,success,3.25,353.97
LONGEST_COMMON_SUBSEQUENCE,PITest,15,success,2.68,335.00
LONGEST_COMMON_SUBSEQUENCE,Major,16,success,3.26,344.27
LONGEST_COMMON_SUBSEQUENCE,PITest,16,success,2.56,326.03
LONGEST_COMMON_SUBSEQUENCE,Major,17,success,3.20,356.03
LONGEST_COMMON_SUBSEQUENCE,PITest,17,success,2.54,302.81
LONGEST_COMMON_SUBSEQUENCE,Major,18,success,3.57,356.27
LONGEST_COMMON_SUBSEQUENCE,PITest,18,success,2.54,325.09
LONGEST_COMMON_SUBSEQUENCE,Major,19,success,3.21,348.12
LONGEST_COMMON_SUBSEQUENCE,PITest,19,success,2.55,312.59
LONGEST_COMMON_SUBSEQUENCE,Major,20,success,3.16,353.11
LONGEST_COMMON_SUBSEQUENCE,PITest,20,success,2.85,322.48
LONGEST_COMMON_SUBSEQUENCE,Major,21,success,3.20,344.44
LONGEST_COMMON_SUBSEQUENCE,PITest,21,success,2.57,325.27
LONGEST_COMMON_SUBSEQUENCE,Major,22,success,3.17,363.08
LONGEST_COMMON_SUBSEQUENCE,PITest,22,success,2.55,329.62
LONGEST_COMMON_SUBSEQUENCE,Major,23,success,3.56,342.31
LONGEST_COMMON_SUBSEQUENCE,PITest,23,success,2.59,311.38
LONGEST_COMMON_SUBSEQUENCE,Major,24,success,3.17,354.69
LONGEST_COMMON_SUBSEQUENCE,PITest,24,success,2.55,321.86
LONGEST_COMMON_SUBSEQUENCE,Major,25,success,3.19,353.14
LONGEST_COMMON_SUBSEQUENCE,PITest,25,success,2.75,292.02
LONGEST_COMMON_SUBSEQUENCE,Major,26,success,3.11,313.45
LONGEST_COMMON_SUBSEQUENCE,PITest,26,success,2.46,328.56
LONGEST_COMMON_SUBSEQUENCE,Major,27,success,3.12,354.73
LONGEST_COMMON_SUBSEQUENCE,PITest,27,success,2.48,326.45
LONGEST_COMMON_SUBSEQUENCE,Major,28,success,3.34,256.72
LONGEST_COMMON_SUBSEQUENCE,PITest,28,success,2.58,310.55
LONGEST_COMMON_SUBSEQUENCE,Major,29,success,3.24,346.78
LONGEST_COMMON_SUBSEQUENCE,PITest,29,success,2.57,319.75
LONGEST_COMMON_SUBSEQUENCE,Major,30,success,3.22,351.53
LONGEST_COMMON_SUBSEQUENCE,PITest,30,success,2.57,335.00
FLATTEN,Major,1,success,3.08,275.86
FLATTEN,PITest,1,success,2.45,308.83
FLATTEN,Major,2,success,2.90,288.45
FLATTEN,PITest,2,success,2.46,328.47
FLATTEN,Major,3,success,2.89,293.02
FLATTEN,PITest,3,success,2.64,312.22
FLATTEN,Major,4,success,2.92,274.72
FLATTEN,PITest,4,success,2.47,309.48
FLATTEN,Major,5,success,2.92,286.08
FLATTEN,PITest,5,success,2.47,312.33
FLATTEN,Major,6,success,2.89,294.38
FLATTEN,PITest,6,success,2.77,288.80
FLATTEN,Major,7,success,2.93,278.42
FLATTEN,PITest,7,success,2.47,319.30
FLATTEN,Major,8,success,2.91,282.17
FLATTEN,PITest,8,success,2.48,312.62
FLATTEN,Major,9,success,3.24,257.08
FLATTEN,PITest,9,success,2.47,297.72
FLATTEN,Major,10,success,2.90,293.64
FLATTEN,PITest,10,success,2.44,308.47
FLATTEN,Major,11,success,2.99,269.75
FLATTEN,PITest,11,success,2.46,307.89
FLATTEN,Major,12,success,3.13,299.38
FLATTEN,PITest,12,success,2.45,297.28
FLATTEN,Major,13,success,2.90,282.38
FLATTEN,PITest,13,success,2.41,313.48
FLATTEN,Major,14,success,2.87,293.28
FLATTEN,PITest,14,success,2.66,288.94
FLATTEN,Major,15,success,3.02,268.36
FLATTEN,PITest,15,success,2.46,317.12
FLATTEN,Major,16,success,2.87,302.25
FLATTEN,PITest,16,success,2.46,301.08
FLATTEN,Major,17,success,2.90,304.42
FLATTEN,PITest,17,success,2.77,279.00
FLATTEN,Major,18,success,3.02,275.42
FLATTEN,PITest,18,success,2.45,304.38
FLATTEN,Major,19,success,2.99,273.25
FLATTEN,PITest,19,success,2.46,310.50
FLATTEN,Major,20,success,3.12,268.20
FLATTEN,PITest,20,success,2.42,284.94
FLATTEN,Major,21,success,2.89,295.11
FLATTEN,PITest,21,success,2.47,330.70
FLATTEN,Major,22,success,3.01,271.36
FLATTEN,PITest,22,success,2.42,320.47
FLATTEN,Major,23,success,3.49,264.30
FLATTEN,PITest,23,success,2.46,312.00
FLATTEN,Major,24,success,2.91,296.20
FLATTEN,PITest,24,success,2.44,306.27
FLATTEN,Major,25,success,2.89,281.27
FLATTEN,PITest,25,success,2.77,267.58
FLATTEN,Major,26,success,3.11,289.48
FLATTEN,PITest,26,success,2.46,309.59
FLATTEN,Major,27,success,2.99,291.67
FLATTEN,PITest,27,success,2.49,318.09
FLATTEN,Major,28,success,3.07,260.59
FLATTEN,PITest,28,success,2.51,297.20
FLATTEN,Major,29,success,2.98,261.20
FLATTEN,PITest,29,success,2.44,313.78
FLATTEN,Major,30,success,2.90,303.39
FLATTEN,PITest,30,success,2.44,315.02
TO_BASE,Major,1,success,3.89,777.28
TO_BASE,PITest,1,success,5.81,802.31
TO_BASE,Major,2,success,3.58,833.16
TO_BASE,PITest,2,success,5.95,816.75
TO_BASE,Major,3,success,3.55,924.09
TO_BASE,PITest,3,success,5.95,896.20
TO_BASE,Major,4,success,3.85,659.03
TO_BASE,PITest,4,success,6.07,959.75
TO_BASE,Major,5,success,3.64,870.70
TO_BASE,PITest,5,success,5.96,960.94
TO_BASE,Major,6,success,3.79,821.69
TO_BASE,PITest,6,success,5.92,825.17
TO_BASE,Major,7,success,3.66,806.06
TO_BASE,PITest,7,success,6.10,930.50
TO_BASE,Major,8,success,4.98,901.11
TO_BASE,PITest,8,success,7.10,961.17
TO_BASE,Major,9,success,4.76,879.58
TO_BASE,PITest,9,success,7.32,877.97
TO_BASE,Major,10,success,4.88,895.27
TO_BASE,PITest,10,success,6.79,747.39
TO_BASE,Major,11,success,4.45,599.06
TO_BASE,PITest,11,success,6.26,953.70
TO_BASE,Major,12,success,4.36,859.73
TO_BASE,PITest,12,success,6.39,817.39
TO_BASE,Major,13,success,4.04,740.22
TO_BASE,PITest,13,success,6.34,1114.08
TO_BASE,Major,14,success,4.58,883.73
TO_BASE,PITest,14,success,6.45,856.11
TO_BASE,Major,15,success,4.36,807.28
TO_BASE,PITest,15,success,6.87,1119.03
TO_BASE,Major,16,success,4.11,981.23
TO_BASE,PITest,16,success,6.35,1021.23
TO_BASE,Major,17,success,3.76,881.45
TO_BASE,PITest,17,success,6.56,970.28
TO_BASE,Major,18,success,4.00,969.30
TO_BASE,PITest,18,success,5.90,1078.03
TO_BASE,Major,19,success,3.98,957.61
TO_BASE,PITest,19,success,6.32,974.17
TO_BASE,Major,20,success,3.69,878.83
TO_BASE,PITest,20,success,6.10,928.83
TO_BASE,Major,21,success,3.88,858.50
TO_BASE,PITest,21,success,5.95,954.69
TO_BASE,Major,22,success,3.87,931.45
TO_BASE,PITest,22,success,6.10,1030.61
TO_BASE,Major,23,success,3.54,849.69
TO_BASE,PITest,23,success,6.03,894.02
TO_BASE,Major,24,success,3.80,871.31
TO_BASE,PITest,24,success,6.34,987.03
TO_BASE,Major,25,success,3.88,674.02
TO_BASE,PITest,25,success,5.98,711.56
TO_BASE,Major,26,success,3.64,836.12
TO_BASE,PITest,26,success,6.03,833.48
TO_BASE,Major,27,success,3.83,835.69
TO_BASE,PITest,27,success,6.40,773.06
TO_BASE,Major,28,success,3.82,836.03
TO_BASE,PITest,28,success,6.04,835.41
TO_BASE,Major,29,success,3.92,859.91
TO_BASE,PITest,29,success,5.98,849.73
TO_BASE,Major,30,success,4.34,783.12
TO_BASE,PITest,30,success,6.48,985.30
module_5_pricingengine,Major,1,success,4.11,343.89
module_5_pricingengine,PITest,1,success,3.74,358.73
module_5_pricingengine,Major,2,success,3.91,304.53
module_5_pricingengine,PITest,2,success,3.25,314.19
module_5_pricingengine,Major,3,success,3.35,321.75
module_5_pricingengine,PITest,3,success,3.13,350.34
module_5_pricingengine,Major,4,success,3.26,312.12
module_5_pricingengine,PITest,4,success,3.35,316.66
module_5_pricingengine,Major,5,success,3.34,346.47
module_5_pricingengine,PITest,5,success,3.12,319.52
module_5_pricingengine,Major,6,success,3.34,351.34
module_5_pricingengine,PITest,6,success,3.66,298.38
module_5_pricingengine,Major,7,success,3.32,323.61
module_5_pricingengine,PITest,7,success,3.13,342.91
module_5_pricingengine,Major,8,success,3.35,305.97
module_5_pricingengine,PITest,8,success,3.24,326.08
module_5_pricingengine,Major,9,success,3.55,315.23
module_5_pricingengine,PITest,9,success,3.35,338.06
module_5_pricingengine,Major,10,success,3.55,337.27
module_5_pricingengine,PITest,10,success,3.42,318.98
module_5_pricingengine,Major,11,success,4.07,306.59
module_5_pricingengine,PITest,11,success,3.53,343.97
module_5_pricingengine,Major,12,success,3.34,331.59
module_5_pricingengine,PITest,12,success,3.14,338.66
module_5_pricingengine,Major,13,success,3.43,323.52
module_5_pricingengine,PITest,13,success,3.23,311.38
module_5_pricingengine,Major,14,success,3.21,319.56
module_5_pricingengine,PITest,14,success,3.13,335.69
module_5_pricingengine,Major,15,success,4.60,306.23
module_5_pricingengine,PITest,15,success,3.57,314.62
module_5_pricingengine,Major,16,success,3.68,315.19
module_5_pricingengine,PITest,16,success,3.46,329.92
module_5_pricingengine,Major,17,success,3.64,311.14
module_5_pricingengine,PITest,17,success,3.76,318.23
module_5_pricingengine,Major,18,success,3.54,292.77
module_5_pricingengine,PITest,18,success,3.35,319.64
module_5_pricingengine,Major,19,success,3.59,327.55
module_5_pricingengine,PITest,19,success,3.69,297.38
module_5_pricingengine,Major,20,success,3.59,318.42
module_5_pricingengine,PITest,20,success,3.47,334.25
module_5_pricingengine,Major,21,success,3.48,328.52
module_5_pricingengine,PITest,21,success,3.87,316.69
module_5_pricingengine,Major,22,success,3.76,319.48
module_5_pricingengine,PITest,22,success,3.68,315.64
module_5_pricingengine,Major,23,success,3.47,303.16
module_5_pricingengine,PITest,23,success,3.57,317.12
module_5_pricingengine,Major,24,success,3.66,314.03
module_5_pricingengine,PITest,24,success,3.47,323.56
module_5_pricingengine,Major,25,success,3.46,345.75
module_5_pricingengine,PITest,25,success,3.46,316.83
module_5_pricingengine,Major,26,success,3.86,297.27
module_5_pricingengine,PITest,26,success,3.36,311.80
module_5_pricingengine,Major,27,success,3.55,315.19
module_5_pricingengine,PITest,27,success,3.47,317.00
module_5_pricingengine,Major,28,success,3.69,310.64
module_5_pricingengine,PITest,28,success,3.45,315.50
module_5_pricingengine,Major,29,success,3.49,314.16
module_5_pricingengine,PITest,29,success,3.35,317.31
module_5_pricingengine,Major,30,success,3.88,302.94
module_5_pricingengine,PITest,30,success,3.62,334.34
SIEVE,Major,1,success,3.42,295.28
SIEVE,PITest,1,success,3.10,314.27
SIEVE,Major,2,success,3.32,291.20
SIEVE,PITest,2,success,3.28,302.97
SIEVE,Major,3,success,3.54,281.02
SIEVE,PITest,3,success,3.12,310.92
SIEVE,Major,4,success,3.56,290.09
SIEVE,PITest,4,success,3.43,291.86
SIEVE,Major,5,success,3.57,307.05
SIEVE,PITest,5,success,3.11,313.78
SIEVE,Major,6,success,3.43,300.22
SIEVE,PITest,6,success,3.08,325.66
SIEVE,Major,7,success,3.66,290.95
SIEVE,PITest,7,success,3.01,303.73
SIEVE,Major,8,success,3.33,295.41
SIEVE,PITest,8,success,2.80,312.19
SIEVE,Major,9,success,3.46,267.09
SIEVE,PITest,9,success,3.05,320.34
SIEVE,Major,10,success,3.56,306.56
SIEVE,PITest,10,success,3.08,315.38
SIEVE,Major,11,success,3.65,317.42
SIEVE,PITest,11,success,3.63,306.48
SIEVE,Major,12,success,3.35,287.89
SIEVE,PITest,12,success,2.79,313.67
SIEVE,Major,13,success,3.34,287.64
SIEVE,PITest,13,success,3.11,303.84
SIEVE,Major,14,success,3.69,301.78
SIEVE,PITest,14,success,3.08,301.39
SIEVE,Major,15,success,3.56,297.56
SIEVE,PITest,15,success,3.11,314.61
SIEVE,Major,16,success,3.53,277.11
SIEVE,PITest,16,success,2.91,328.98
SIEVE,Major,17,success,3.26,290.56
SIEVE,PITest,17,success,2.82,316.11
SIEVE,Major,18,success,3.28,302.70
SIEVE,PITest,18,success,3.13,300.28
SIEVE,Major,19,success,3.26,282.84
SIEVE,PITest,19,success,2.80,320.62
SIEVE,Major,20,success,3.25,300.00
SIEVE,PITest,20,success,2.82,310.89
SIEVE,Major,21,success,3.35,287.62
SIEVE,PITest,21,success,2.92,300.23
SIEVE,Major,22,success,3.26,306.45
SIEVE,PITest,22,success,2.91,323.30
SIEVE,Major,23,success,3.24,300.72
SIEVE,PITest,23,success,2.91,312.88
SIEVE,Major,24,success,3.23,279.92
SIEVE,PITest,24,success,2.93,310.53
SIEVE,Major,25,success,3.26,307.94
SIEVE,PITest,25,success,2.88,313.09
SIEVE,Major,26,success,3.30,295.19
SIEVE,PITest,26,success,2.88,299.92
SIEVE,Major,27,success,3.22,291.72
SIEVE,PITest,27,success,2.86,317.39
SIEVE,Major,28,success,3.77,262.34
SIEVE,PITest,28,success,2.86,307.92
SIEVE,Major,29,success,3.31,302.80
SIEVE,PITest,29,success,2.79,324.50
SIEVE,Major,30,success,3.33,294.84
SIEVE,PITest,30,success,3.22,291.67
LEVENSHTEIN,Major,1,success,3.88,486.56
LEVENSHTEIN,PITest,1,success,3.07,414.28
LEVENSHTEIN,Major,2,success,4.01,513.89
LEVENSHTEIN,PITest,2,success,3.45,366.69
LEVENSHTEIN,Major,3,success,3.93,484.34
LEVENSHTEIN,PITest,3,success,3.11,410.50
LEVENSHTEIN,Major,4,success,3.91,490.23
LEVENSHTEIN,PITest,4,success,3.11,419.80
LEVENSHTEIN,Major,5,success,3.97,503.64
LEVENSHTEIN,PITest,5,success,3.02,397.42
LEVENSHTEIN,Major,6,success,3.80,486.72
LEVENSHTEIN,PITest,6,success,3.11,422.19
LEVENSHTEIN,Major,7,success,4.16,475.56
LEVENSHTEIN,PITest,7,success,2.91,397.27
LEVENSHTEIN,Major,8,success,3.91,490.59
LEVENSHTEIN,PITest,8,success,3.21,416.94
LEVENSHTEIN,Major,9,success,4.02,487.03
LEVENSHTEIN,PITest,9,success,3.22,338.08
LEVENSHTEIN,Major,10,success,3.93,499.44
LEVENSHTEIN,PITest,10,success,3.09,417.98
LEVENSHTEIN,Major,11,success,4.08,414.38
LEVENSHTEIN,PITest,11,success,3.22,402.12
LEVENSHTEIN,Major,12,success,3.93,464.67
LEVENSHTEIN,PITest,12,success,3.10,419.09
LEVENSHTEIN,Major,13,success,3.91,475.08
LEVENSHTEIN,PITest,13,success,3.14,393.62
LEVENSHTEIN,Major,14,success,4.02,495.77
LEVENSHTEIN,PITest,14,success,3.14,415.17
LEVENSHTEIN,Major,15,success,3.82,504.00
LEVENSHTEIN,PITest,15,success,3.15,383.53
LEVENSHTEIN,Major,16,success,3.95,456.88
LEVENSHTEIN,PITest,16,success,3.05,418.64
LEVENSHTEIN,Major,17,success,3.99,472.95
LEVENSHTEIN,PITest,17,success,3.67,397.48
LEVENSHTEIN,Major,18,success,4.31,458.88
LEVENSHTEIN,PITest,18,success,3.46,417.30
LEVENSHTEIN,Major,19,success,4.08,477.08
LEVENSHTEIN,PITest,19,success,3.89,401.02
LEVENSHTEIN,Major,20,success,4.21,476.77
LEVENSHTEIN,PITest,20,success,3.54,426.73
LEVENSHTEIN,Major,21,success,4.14,509.03
LEVENSHTEIN,PITest,21,success,3.46,388.14
LEVENSHTEIN,Major,22,success,4.00,459.58
LEVENSHTEIN,PITest,22,success,3.14,422.47
LEVENSHTEIN,Major,23,success,3.79,473.44
LEVENSHTEIN,PITest,23,success,3.56,406.16
LEVENSHTEIN,Major,24,success,4.15,496.42
LEVENSHTEIN,PITest,24,success,3.16,420.48
LEVENSHTEIN,Major,25,success,3.82,448.44
LEVENSHTEIN,PITest,25,success,3.67,386.61
LEVENSHTEIN,Major,26,success,4.20,476.03
LEVENSHTEIN,PITest,26,success,3.48,427.44
LEVENSHTEIN,Major,27,success,4.32,441.11
LEVENSHTEIN,PITest,27,success,3.77,403.25
LEVENSHTEIN,Major,28,success,4.32,480.92
LEVENSHTEIN,PITest,28,success,3.57,422.06
LEVENSHTEIN,Major,29,success,4.37,499.84
LEVENSHTEIN,PITest,29,success,3.21,391.45
LEVENSHTEIN,Major,30,success,4.04,485.22
LEVENSHTEIN,PITest,30,success,3.46,417.94
BITCOUNT,Major,1,success,4.40,294.30
BITCOUNT,PITest,1,success,9.22,312.88
BITCOUNT,Major,2,success,4.24,294.58
BITCOUNT,PITest,2,success,8.96,301.75
BITCOUNT,Major,3,success,4.22,290.17
BITCOUNT,PITest,3,success,8.68,335.52
BITCOUNT,Major,4,success,4.09,291.66
BITCOUNT,PITest,4,success,9.04,303.75
BITCOUNT,Major,5,success,4.21,285.78
BITCOUNT,PITest,5,success,8.71,306.47
BITCOUNT,Major,6,success,4.08,287.64
BITCOUNT,PITest,6,success,8.93,328.88
BITCOUNT,Major,7,success,4.44,291.48
BITCOUNT,PITest,7,success,8.89,301.97
BITCOUNT,Major,8,success,4.48,263.02
BITCOUNT,PITest,8,success,8.78,296.58
BITCOUNT,Major,9,success,4.35,295.80
BITCOUNT,PITest,9,success,8.94,299.41
BITCOUNT,Major,10,success,4.13,289.81
BITCOUNT,PITest,10,success,9.09,275.55
BITCOUNT,Major,11,success,4.09,296.66
BITCOUNT,PITest,11,success,8.88,311.39
BITCOUNT,Major,12,success,4.17,282.06
BITCOUNT,PITest,12,success,8.90,304.59
BITCOUNT,Major,13,success,4.28,291.77
BITCOUNT,PITest,13,success,9.04,296.61
BITCOUNT,Major,14,success,4.09,299.77
BITCOUNT,PITest,14,success,8.96,316.88
BITCOUNT,Major,15,success,4.24,286.41
BITCOUNT,PITest,15,success,8.99,303.16
BITCOUNT,Major,16,success,4.19,267.58
BITCOUNT,PITest,16,success,8.86,300.77
BITCOUNT,Major,17,success,4.12,294.44
BITCOUNT,PITest,17,success,8.96,299.97
BITCOUNT,Major,18,success,4.19,294.84
BITCOUNT,PITest,18,success,9.03,309.34
BITCOUNT,Major,19,success,4.27,290.19
BITCOUNT,PITest,19,success,9.03,307.61
BITCOUNT,Major,20,success,4.29,299.12
BITCOUNT,PITest,20,success,8.97,307.25
BITCOUNT,Major,21,success,4.21,302.12
BITCOUNT,PITest,21,success,8.66,314.61
BITCOUNT,Major,22,success,4.37,289.14
BITCOUNT,PITest,22,success,8.86,314.39
BITCOUNT,Major,23,success,4.59,257.02
BITCOUNT,PITest,23,success,8.98,311.42
BITCOUNT,Major,24,success,4.24,283.17
BITCOUNT,PITest,24,success,8.72,299.44
BITCOUNT,Major,25,success,4.12,294.41
BITCOUNT,PITest,25,success,9.10,299.31
BITCOUNT,Major,26,success,4.19,289.83
BITCOUNT,PITest,26,success,8.91,313.11
BITCOUNT,Major,27,success,4.20,292.73
BITCOUNT,PITest,27,success,8.90,315.92
BITCOUNT,Major,28,success,4.24,291.42
BITCOUNT,PITest,28,success,8.91,311.69
BITCOUNT,Major,29,success,4.23,284.30
BITCOUNT,PITest,29,success,8.76,313.98
BITCOUNT,Major,30,success,4.35,282.31
BITCOUNT,PITest,30,success,8.92,316.17
BUCKETSORT,Major,1,success,3.58,276.91
BUCKETSORT,PITest,1,success,2.81,303.59
BUCKETSORT,Major,2,success,3.45,288.05
BUCKETSORT,PITest,2,success,2.63,305.38
BUCKETSORT,Major,3,success,3.21,289.55
BUCKETSORT,PITest,3,success,3.00,261.91
BUCKETSORT,Major,4,success,3.16,279.39
BUCKETSORT,PITest,4,success,2.68,320.39
BUCKETSORT,Major,5,success,3.31,285.55
BUCKETSORT,PITest,5,success,2.57,313.00
BUCKETSORT,Major,6,success,3.54,283.89
BUCKETSORT,PITest,6,success,2.76,307.95
BUCKETSORT,Major,7,success,3.25,289.48
BUCKETSORT,PITest,7,success,2.70,310.73
BUCKETSORT,Major,8,success,3.22,294.59
BUCKETSORT,PITest,8,success,2.90,299.66
BUCKETSORT,Major,9,success,3.11,288.89
BUCKETSORT,PITest,9,success,2.69,308.14
BUCKETSORT,Major,10,success,3.33,290.59
BUCKETSORT,PITest,10,success,2.68,318.73
BUCKETSORT,Major,11,success,3.58,260.30
BUCKETSORT,PITest,11,success,2.80,318.64
BUCKETSORT,Major,12,success,3.31,279.67
BUCKETSORT,PITest,12,success,2.69,313.81
BUCKETSORT,Major,13,success,3.37,296.69
BUCKETSORT,PITest,13,success,2.92,295.78
BUCKETSORT,Major,14,success,3.22,290.41
BUCKETSORT,PITest,14,success,2.65,318.86
BUCKETSORT,Major,15,success,3.21,277.70
BUCKETSORT,PITest,15,success,2.66,309.06
BUCKETSORT,Major,16,success,3.46,269.36
BUCKETSORT,PITest,16,success,2.60,310.77
BUCKETSORT,Major,17,success,3.14,289.52
BUCKETSORT,PITest,17,success,2.67,320.73
BUCKETSORT,Major,18,success,3.15,278.34
BUCKETSORT,PITest,18,success,2.87,282.33
BUCKETSORT,Major,19,success,3.27,293.73
BUCKETSORT,PITest,19,success,2.68,319.97
BUCKETSORT,Major,20,success,3.25,294.03
BUCKETSORT,PITest,20,success,2.70,303.48
BUCKETSORT,Major,21,success,3.77,241.05
BUCKETSORT,PITest,21,success,2.68,313.98
BUCKETSORT,Major,22,success,3.36,280.19
BUCKETSORT,PITest,22,success,2.68,313.28
BUCKETSORT,Major,23,success,3.36,290.11
BUCKETSORT,PITest,23,success,2.89,296.56
BUCKETSORT,Major,24,success,3.15,299.23
BUCKETSORT,PITest,24,success,2.69,298.25
BUCKETSORT,Major,25,success,3.14,290.23
BUCKETSORT,PITest,25,success,2.59,303.62
BUCKETSORT,Major,26,success,3.55,254.58
BUCKETSORT,PITest,26,success,2.70,305.95
BUCKETSORT,Major,27,success,3.35,284.62
BUCKETSORT,PITest,27,success,2.70,316.39
BUCKETSORT,Major,28,success,3.26,295.89
BUCKETSORT,PITest,28,success,2.90,312.56
BUCKETSORT,Major,29,success,3.25,292.92
BUCKETSORT,PITest,29,success,2.67,315.86
BUCKETSORT,Major,30,success,3.16,295.11
BUCKETSORT,PITest,30,success,2.71,309.41
IS_VALID_PARENTHESIZATION,Major,1,success,3.50,286.20
IS_VALID_PARENTHESIZATION,PITest,1,success,2.81,308.75
IS_VALID_PARENTHESIZATION,Major,2,success,3.25,286.50
IS_VALID_PARENTHESIZATION,PITest,2,success,2.80,313.31
IS_VALID_PARENTHESIZATION,Major,3,success,3.22,298.47
IS_VALID_PARENTHESIZATION,PITest,3,success,3.31,268.98
IS_VALID_PARENTHESIZATION,Major,4,success,3.32,291.27
IS_VALID_PARENTHESIZATION,PITest,4,success,2.76,312.66
IS_VALID_PARENTHESIZATION,Major,5,success,3.22,286.84
IS_VALID_PARENTHESIZATION,PITest,5,success,2.86,315.06
IS_VALID_PARENTHESIZATION,Major,6,success,3.41,273.20
IS_VALID_PARENTHESIZATION,PITest,6,success,2.78,310.73
IS_VALID_PARENTHESIZATION,Major,7,success,3.30,284.98
IS_VALID_PARENTHESIZATION,PITest,7,success,2.78,313.83
IS_VALID_PARENTHESIZATION,Major,8,success,3.36,280.83
IS_VALID_PARENTHESIZATION,PITest,8,success,2.90,311.67
IS_VALID_PARENTHESIZATION,Major,9,success,3.24,271.86
IS_VALID_PARENTHESIZATION,PITest,9,success,2.73,312.58
IS_VALID_PARENTHESIZATION,Major,10,success,3.21,279.89
IS_VALID_PARENTHESIZATION,PITest,10,success,2.69,312.89
IS_VALID_PARENTHESIZATION,Major,11,success,3.42,296.41
IS_VALID_PARENTHESIZATION,PITest,11,success,2.70,302.42
IS_VALID_PARENTHESIZATION,Major,12,success,3.23,279.92
IS_VALID_PARENTHESIZATION,PITest,12,success,2.77,302.16
IS_VALID_PARENTHESIZATION,Major,13,success,3.21,291.36
IS_VALID_PARENTHESIZATION,PITest,13,success,2.91,282.00
IS_VALID_PARENTHESIZATION,Major,14,success,3.25,267.89
IS_VALID_PARENTHESIZATION,PITest,14,success,2.80,311.77
IS_VALID_PARENTHESIZATION,Major,15,success,3.28,284.88
IS_VALID_PARENTHESIZATION,PITest,15,success,2.79,306.25
IS_VALID_PARENTHESIZATION,Major,16,success,3.45,299.02
IS_VALID_PARENTHESIZATION,PITest,16,success,2.81,301.28
IS_VALID_PARENTHESIZATION,Major,17,success,3.26,297.52
IS_VALID_PARENTHESIZATION,PITest,17,success,2.81,316.61
IS_VALID_PARENTHESIZATION,Major,18,success,3.12,295.38
IS_VALID_PARENTHESIZATION,PITest,18,success,2.91,302.83
IS_VALID_PARENTHESIZATION,Major,19,success,3.25,281.92
IS_VALID_PARENTHESIZATION,PITest,19,success,2.68,310.98
IS_VALID_PARENTHESIZATION,Major,20,success,3.25,298.38
IS_VALID_PARENTHESIZATION,PITest,20,success,2.79,310.69
IS_VALID_PARENTHESIZATION,Major,21,success,3.38,287.23
IS_VALID_PARENTHESIZATION,PITest,21,success,2.70,294.56
IS_VALID_PARENTHESIZATION,Major,22,success,3.26,292.77
IS_VALID_PARENTHESIZATION,PITest,22,success,2.83,310.42
IS_VALID_PARENTHESIZATION,Major,23,success,3.19,292.70
IS_VALID_PARENTHESIZATION,PITest,23,success,2.99,322.67
IS_VALID_PARENTHESIZATION,Major,24,success,3.19,303.12
IS_VALID_PARENTHESIZATION,PITest,24,success,2.92,313.81
IS_VALID_PARENTHESIZATION,Major,25,success,3.20,291.00
IS_VALID_PARENTHESIZATION,PITest,25,success,2.79,302.28
IS_VALID_PARENTHESIZATION,Major,26,success,3.41,301.06
IS_VALID_PARENTHESIZATION,PITest,26,success,2.86,307.38
IS_VALID_PARENTHESIZATION,Major,27,success,3.23,297.12
IS_VALID_PARENTHESIZATION,PITest,27,success,2.75,314.58
IS_VALID_PARENTHESIZATION,Major,28,success,3.23,291.52
IS_VALID_PARENTHESIZATION,PITest,28,success,2.89,306.62
IS_VALID_PARENTHESIZATION,Major,29,success,3.28,281.81
IS_VALID_PARENTHESIZATION,PITest,29,success,2.80,313.22
IS_VALID_PARENTHESIZATION,Major,30,success,3.34,281.44
IS_VALID_PARENTHESIZATION,PITest,30,success,2.86,308.19
SHUNTING_YARD,Major,1,success,3.50,301.11
SHUNTING_YARD,PITest,1,success,2.76,319.58
SHUNTING_YARD,Major,2,success,3.51,299.28
SHUNTING_YARD,PITest,2,success,2.74,314.53
SHUNTING_YARD,Major,3,success,3.99,271.36
SHUNTING_YARD,PITest,3,success,2.76,322.14
SHUNTING_YARD,Major,4,success,3.53,318.81
SHUNTING_YARD,PITest,4,success,2.67,316.95
SHUNTING_YARD,Major,5,success,3.47,296.88
SHUNTING_YARD,PITest,5,success,3.10,308.66
SHUNTING_YARD,Major,6,success,3.51,304.14
SHUNTING_YARD,PITest,6,success,2.76,323.09
SHUNTING_YARD,Major,7,success,3.52,315.78
SHUNTING_YARD,PITest,7,success,2.64,328.08
SHUNTING_YARD,Major,8,success,3.72,300.50
SHUNTING_YARD,PITest,8,success,2.86,322.62
SHUNTING_YARD,Major,9,success,3.49,308.80
SHUNTING_YARD,PITest,9,success,2.74,321.84
SHUNTING_YARD,Major,10,success,3.80,268.19
SHUNTING_YARD,PITest,10,success,2.85,315.22
SHUNTING_YARD,Major,11,success,3.48,292.92
SHUNTING_YARD,PITest,11,success,2.78,319.53
SHUNTING_YARD,Major,12,success,3.45,304.25
SHUNTING_YARD,PITest,12,success,2.99,299.83
SHUNTING_YARD,Major,13,success,3.46,292.11
SHUNTING_YARD,PITest,13,success,2.79,319.30
SHUNTING_YARD,Major,14,success,3.44,323.75
SHUNTING_YARD,PITest,14,success,2.76,328.88
SHUNTING_YARD,Major,15,success,3.75,299.30
SHUNTING_YARD,PITest,15,success,2.82,297.73
SHUNTING_YARD,Major,16,success,3.66,301.05
SHUNTING_YARD,PITest,16,success,2.79,320.75
SHUNTING_YARD,Major,17,success,3.43,298.59
SHUNTING_YARD,PITest,17,success,2.80,313.70
SHUNTING_YARD,Major,18,success,3.46,309.52
SHUNTING_YARD,PITest,18,success,2.76,319.88
SHUNTING_YARD,Major,19,success,3.51,303.83
SHUNTING_YARD,PITest,19,success,2.93,297.00
SHUNTING_YARD,Major,20,success,3.67,294.59
SHUNTING_YARD,PITest,20,success,2.87,315.02
SHUNTING_YARD,Major,21,success,3.51,298.77
SHUNTING_YARD,PITest,21,success,2.75,320.98
SHUNTING_YARD,Major,22,success,3.75,303.98
SHUNTING_YARD,PITest,22,success,2.85,306.67
SHUNTING_YARD,Major,23,success,3.53,308.25
SHUNTING_YARD,PITest,23,success,2.90,319.06
SHUNTING_YARD,Major,24,success,3.55,310.44
SHUNTING_YARD,PITest,24,success,3.05,305.03
SHUNTING_YARD,Major,25,success,3.63,302.31
SHUNTING_YARD,PITest,25,success,2.86,312.00
SHUNTING_YARD,Major,26,success,3.54,299.59
SHUNTING_YARD,PITest,26,success,3.30,283.28
SHUNTING_YARD,Major,27,success,3.96,292.19
SHUNTING_YARD,PITest,27,success,2.99,323.81
SHUNTING_YARD,Major,28,success,3.78,307.53
SHUNTING_YARD,PITest,28,success,2.97,304.62
SHUNTING_YARD,Major,29,success,3.98,303.06
SHUNTING_YARD,PITest,29,success,3.01,316.89
SHUNTING_YARD,Major,30,success,3.75,303.64
SHUNTING_YARD,PITest,30,success,2.98,310.20
NEXT_PERMUTATION,Major,1,success,3.68,288.86
NEXT_PERMUTATION,PITest,1,success,3.01,308.77
NEXT_PERMUTATION,Major,2,success,3.45,312.14
NEXT_PERMUTATION,PITest,2,success,2.90,321.98
NEXT_PERMUTATION,Major,3,success,3.35,330.44
NEXT_PERMUTATION,PITest,3,success,3.34,310.55
NEXT_PERMUTATION,Major,4,success,3.33,294.44
NEXT_PERMUTATION,PITest,4,success,3.12,313.30
NEXT_PERMUTATION,Major,5,success,3.47,307.34
NEXT_PERMUTATION,PITest,5,success,3.02,295.61
NEXT_PERMUTATION,Major,6,success,4.29,305.56
NEXT_PERMUTATION,PITest,6,success,2.92,322.77
NEXT_PERMUTATION,Major,7,success,3.35,329.72
NEXT_PERMUTATION,PITest,7,success,2.91,313.38
NEXT_PERMUTATION,Major,8,success,3.55,279.11
NEXT_PERMUTATION,PITest,8,success,3.00,311.67
NEXT_PERMUTATION,Major,9,success,3.23,312.97
NEXT_PERMUTATION,PITest,9,success,2.99,320.56
NEXT_PERMUTATION,Major,10,success,3.25,296.44
NEXT_PERMUTATION,PITest,10,success,3.01,348.20
NEXT_PERMUTATION,Major,11,success,3.47,285.39
NEXT_PERMUTATION,PITest,11,success,3.00,308.88
NEXT_PERMUTATION,Major,12,success,3.26,309.20
NEXT_PERMUTATION,PITest,12,success,3.43,283.02
NEXT_PERMUTATION,Major,13,success,3.38,308.33
NEXT_PERMUTATION,PITest,13,success,3.00,347.59
NEXT_PERMUTATION,Major,14,success,3.34,289.77
NEXT_PERMUTATION,PITest,14,success,2.91,310.92
NEXT_PERMUTATION,Major,15,success,3.55,302.59
NEXT_PERMUTATION,PITest,15,success,2.97,309.86
NEXT_PERMUTATION,Major,16,success,3.56,296.12
NEXT_PERMUTATION,PITest,16,success,3.12,312.69
NEXT_PERMUTATION,Major,17,success,3.24,317.95
NEXT_PERMUTATION,PITest,17,success,3.09,294.88
NEXT_PERMUTATION,Major,18,success,3.44,312.92
NEXT_PERMUTATION,PITest,18,success,2.99,336.23
NEXT_PERMUTATION,Major,19,success,3.50,306.70
NEXT_PERMUTATION,PITest,19,success,3.38,265.05
NEXT_PERMUTATION,Major,20,success,3.59,296.31
NEXT_PERMUTATION,PITest,20,success,3.11,322.20
NEXT_PERMUTATION,Major,21,success,3.58,317.22
NEXT_PERMUTATION,PITest,21,success,3.20,326.41
NEXT_PERMUTATION,Major,22,success,3.78,307.81
NEXT_PERMUTATION,PITest,22,success,2.92,317.50
NEXT_PERMUTATION,Major,23,success,3.34,317.05
NEXT_PERMUTATION,PITest,23,success,2.89,325.22
NEXT_PERMUTATION,Major,24,success,3.54,269.95
NEXT_PERMUTATION,PITest,24,success,3.01,301.50
NEXT_PERMUTATION,Major,25,success,3.45,294.61
NEXT_PERMUTATION,PITest,25,success,2.95,334.62
NEXT_PERMUTATION,Major,26,success,3.53,297.70
NEXT_PERMUTATION,PITest,26,success,3.52,286.58
NEXT_PERMUTATION,Major,27,success,3.64,304.91
NEXT_PERMUTATION,PITest,27,success,3.10,322.98
NEXT_PERMUTATION,Major,28,success,3.54,304.64
NEXT_PERMUTATION,PITest,28,success,3.42,301.81
NEXT_PERMUTATION,Major,29,success,3.66,311.34
NEXT_PERMUTATION,PITest,29,success,3.20,327.52
NEXT_PERMUTATION,Major,30,success,3.67,303.08
NEXT_PERMUTATION,PITest,30,success,3.20,315.59
module_3_orderstatemachine,Major,1,success,4.03,309.77
module_3_orderstatemachine,PITest,1,success,3.00,312.70
module_3_orderstatemachine,Major,2,success,3.44,303.61
module_3_orderstatemachine,PITest,2,success,2.87,311.92
module_3_orderstatemachine,Major,3,success,3.79,279.97
module_3_orderstatemachine,PITest,3,success,3.01,299.86
module_3_orderstatemachine,Major,4,success,3.45,297.39
module_3_orderstatemachine,PITest,4,success,2.91,339.77
module_3_orderstatemachine,Major,5,success,3.45,312.33
module_3_orderstatemachine,PITest,5,success,3.31,283.89
module_3_orderstatemachine,Major,6,success,3.47,297.00
module_3_orderstatemachine,PITest,6,success,3.08,308.86
module_3_orderstatemachine,Major,7,success,3.55,299.84
module_3_orderstatemachine,PITest,7,success,3.30,289.89
module_3_orderstatemachine,Major,8,success,3.62,293.84
module_3_orderstatemachine,PITest,8,success,3.05,309.45
module_3_orderstatemachine,Major,9,success,3.48,301.53
module_3_orderstatemachine,PITest,9,success,2.91,316.33
module_3_orderstatemachine,Major,10,success,3.72,306.14
module_3_orderstatemachine,PITest,10,success,3.10,329.28
module_3_orderstatemachine,Major,11,success,3.51,306.09
module_3_orderstatemachine,PITest,11,success,2.88,313.06
module_3_orderstatemachine,Major,12,success,3.47,281.11
module_3_orderstatemachine,PITest,12,success,3.02,297.22
module_3_orderstatemachine,Major,13,success,3.46,288.89
module_3_orderstatemachine,PITest,13,success,3.00,310.61
module_3_orderstatemachine,Major,14,success,3.45,299.30
module_3_orderstatemachine,PITest,14,success,3.32,264.30
module_3_orderstatemachine,Major,15,success,3.58,288.14
module_3_orderstatemachine,PITest,15,success,2.88,313.67
module_3_orderstatemachine,Major,16,success,3.59,289.70
module_3_orderstatemachine,PITest,16,success,3.01,318.02
module_3_orderstatemachine,Major,17,success,3.57,304.03
module_3_orderstatemachine,PITest,17,success,2.91,313.58
module_3_orderstatemachine,Major,18,success,3.46,306.45
module_3_orderstatemachine,PITest,18,success,2.91,319.41
module_3_orderstatemachine,Major,19,success,3.54,247.73
module_3_orderstatemachine,PITest,19,success,3.02,298.56
module_3_orderstatemachine,Major,20,success,3.46,302.97
module_3_orderstatemachine,PITest,20,success,2.99,314.08
module_3_orderstatemachine,Major,21,success,3.48,291.58
module_3_orderstatemachine,PITest,21,success,3.24,270.06
module_3_orderstatemachine,Major,22,success,3.46,310.50
module_3_orderstatemachine,PITest,22,success,3.03,318.91
module_3_orderstatemachine,Major,23,success,3.47,307.91
module_3_orderstatemachine,PITest,23,success,2.88,306.50
module_3_orderstatemachine,Major,24,success,3.79,283.52
module_3_orderstatemachine,PITest,24,success,3.02,311.73
module_3_orderstatemachine,Major,25,success,3.44,288.56
module_3_orderstatemachine,PITest,25,success,3.02,336.17
module_3_orderstatemachine,Major,26,success,3.61,279.92
module_3_orderstatemachine,PITest,26,success,3.00,306.12
module_3_orderstatemachine,Major,27,success,3.56,302.89
module_3_orderstatemachine,PITest,27,success,2.91,309.86
module_3_orderstatemachine,Major,28,success,3.45,291.88
module_3_orderstatemachine,PITest,28,success,3.21,285.73
module_3_orderstatemachine,Major,29,success,3.57,296.97
module_3_orderstatemachine,PITest,29,success,2.89,310.36
module_3_orderstatemachine,Major,30,success,3.44,285.45
module_3_orderstatemachine,PITest,30,success,3.11,313.20
KTH,Major,1,success,3.23,301.88
KTH,PITest,1,success,2.89,278.33
KTH,Major,2,success,3.22,294.09
KTH,PITest,2,success,2.90,316.64
KTH,Major,3,success,3.76,259.81
KTH,PITest,3,success,3.00,306.72
KTH,Major,4,success,3.26,290.55
KTH,PITest,4,success,2.99,320.95
KTH,Major,5,success,3.34,303.23
KTH,PITest,5,success,3.35,310.98
KTH,Major,6,success,3.42,298.08
KTH,PITest,6,success,3.00,315.98
KTH,Major,7,success,3.23,299.95
KTH,PITest,7,success,2.89,320.95
KTH,Major,8,success,3.45,291.58
KTH,PITest,8,success,2.92,300.77
KTH,Major,9,success,3.25,286.53
KTH,PITest,9,success,2.92,315.80
KTH,Major,10,success,3.25,294.53
KTH,PITest,10,success,2.99,337.06
KTH,Major,11,success,3.35,294.52
KTH,PITest,11,success,2.91,312.72
KTH,Major,12,success,3.36,297.02
KTH,PITest,12,success,3.26,306.69
KTH,Major,13,success,3.29,297.16
KTH,PITest,13,success,3.00,313.20
KTH,Major,14,success,3.31,294.66
KTH,PITest,14,success,2.97,322.34
KTH,Major,15,success,3.65,281.89
KTH,PITest,15,success,3.00,324.05
KTH,Major,16,success,3.32,292.12
KTH,PITest,16,success,2.96,328.72
KTH,Major,17,success,3.33,293.05
KTH,PITest,17,success,3.54,325.95
KTH,Major,18,success,3.45,300.34
KTH,PITest,18,success,3.19,325.78
KTH,Major,19,success,3.42,297.39
KTH,PITest,19,success,3.34,284.22
KTH,Major,20,success,3.35,312.48
KTH,PITest,20,success,3.01,311.80
KTH,Major,21,success,3.31,304.08
KTH,PITest,21,success,2.86,325.31
KTH,Major,22,success,3.48,279.55
KTH,PITest,22,success,2.90,302.22
KTH,Major,23,success,3.21,284.25
KTH,PITest,23,success,2.91,318.00
KTH,Major,24,success,3.23,295.48
KTH,PITest,24,success,3.04,303.70
KTH,Major,25,success,3.22,269.70
KTH,PITest,25,success,2.91,314.75
KTH,Major,26,success,3.33,301.05
KTH,PITest,26,success,2.89,312.39
KTH,Major,27,success,3.43,281.38
KTH,PITest,27,success,2.94,309.22
KTH,Major,28,success,3.34,292.91
KTH,PITest,28,success,2.91,329.22
KTH,Major,29,success,3.26,266.95
KTH,PITest,29,success,3.03,312.62
KTH,Major,30,success,3.26,275.78
KTH,PITest,30,success,2.90,313.05
MAX_SUBLIST_SUM,Major,1,success,3.09,275.69
MAX_SUBLIST_SUM,PITest,1,success,2.76,287.28
MAX_SUBLIST_SUM,Major,2,success,3.30,274.02
MAX_SUBLIST_SUM,PITest,2,success,2.67,287.36
MAX_SUBLIST_SUM,Major,3,success,3.22,268.31
MAX_SUBLIST_SUM,PITest,3,success,2.57,305.08
MAX_SUBLIST_SUM,Major,4,success,3.21,281.45
MAX_SUBLIST_SUM,PITest,4,success,2.64,293.00
MAX_SUBLIST_SUM,Major,5,success,3.18,289.81
MAX_SUBLIST_SUM,PITest,5,success,2.55,312.47
MAX_SUBLIST_SUM,Major,6,success,3.24,287.62
MAX_SUBLIST_SUM,PITest,6,success,2.68,294.42
MAX_SUBLIST_SUM,Major,7,success,3.91,281.72
MAX_SUBLIST_SUM,PITest,7,success,2.87,295.20
MAX_SUBLIST_SUM,Major,8,success,3.48,288.66
MAX_SUBLIST_SUM,PITest,8,success,2.89,299.55
MAX_SUBLIST_SUM,Major,9,success,3.55,245.34
MAX_SUBLIST_SUM,PITest,9,success,2.71,303.28
MAX_SUBLIST_SUM,Major,10,success,3.24,281.16
MAX_SUBLIST_SUM,PITest,10,success,2.69,296.12
MAX_SUBLIST_SUM,Major,11,success,3.14,267.31
MAX_SUBLIST_SUM,PITest,11,success,2.79,280.58
MAX_SUBLIST_SUM,Major,12,success,3.36,299.39
MAX_SUBLIST_SUM,PITest,12,success,2.70,305.19
MAX_SUBLIST_SUM,Major,13,success,3.12,279.92
MAX_SUBLIST_SUM,PITest,13,success,2.79,298.16
MAX_SUBLIST_SUM,Major,14,success,3.61,251.78
MAX_SUBLIST_SUM,PITest,14,success,2.85,300.23
MAX_SUBLIST_SUM,Major,15,success,3.54,272.02
MAX_SUBLIST_SUM,PITest,15,success,2.84,303.08
MAX_SUBLIST_SUM,Major,16,success,3.42,280.17
MAX_SUBLIST_SUM,PITest,16,success,3.21,291.52
MAX_SUBLIST_SUM,Major,17,success,3.45,273.33
MAX_SUBLIST_SUM,PITest,17,success,2.89,322.72
MAX_SUBLIST_SUM,Major,18,success,3.33,277.70
MAX_SUBLIST_SUM,PITest,18,success,2.70,294.84
MAX_SUBLIST_SUM,Major,19,success,3.46,287.56
MAX_SUBLIST_SUM,PITest,19,success,2.70,285.39
MAX_SUBLIST_SUM,Major,20,success,3.14,275.25
MAX_SUBLIST_SUM,PITest,20,success,2.57,323.11
MAX_SUBLIST_SUM,Major,21,success,3.13,288.70
MAX_SUBLIST_SUM,PITest,21,success,3.04,290.44
MAX_SUBLIST_SUM,Major,22,success,3.41,296.77
MAX_SUBLIST_SUM,PITest,22,success,2.78,291.84
MAX_SUBLIST_SUM,Major,23,success,3.23,280.27
MAX_SUBLIST_SUM,PITest,23,success,2.59,295.69
MAX_SUBLIST_SUM,Major,24,success,3.56,265.50
MAX_SUBLIST_SUM,PITest,24,success,2.69,303.19
MAX_SUBLIST_SUM,Major,25,success,3.14,287.06
MAX_SUBLIST_SUM,PITest,25,success,2.59,305.97
MAX_SUBLIST_SUM,Major,26,success,3.12,294.14
MAX_SUBLIST_SUM,PITest,26,success,2.92,285.05
MAX_SUBLIST_SUM,Major,27,success,3.15,280.81
MAX_SUBLIST_SUM,PITest,27,success,2.58,312.67
MAX_SUBLIST_SUM,Major,28,success,3.23,294.44
MAX_SUBLIST_SUM,PITest,28,success,2.56,287.81
MAX_SUBLIST_SUM,Major,29,success,3.27,294.66
MAX_SUBLIST_SUM,PITest,29,success,2.68,279.34
MAX_SUBLIST_SUM,Major,30,success,3.00,281.14
MAX_SUBLIST_SUM,PITest,30,success,2.56,302.50
module_7_rpnevaluator,Major,1,success,3.71,298.62
module_7_rpnevaluator,PITest,1,success,3.78,287.06
module_7_rpnevaluator,Major,2,success,3.47,314.22
module_7_rpnevaluator,PITest,2,success,3.46,323.97
module_7_rpnevaluator,Major,3,success,3.59,319.73
module_7_rpnevaluator,PITest,3,success,3.87,298.78
module_7_rpnevaluator,Major,4,success,3.76,313.14
module_7_rpnevaluator,PITest,4,success,3.48,325.50
module_7_rpnevaluator,Major,5,success,3.41,304.88
module_7_rpnevaluator,PITest,5,success,3.62,317.12
module_7_rpnevaluator,Major,6,success,3.66,294.22
module_7_rpnevaluator,PITest,6,success,3.35,346.00
module_7_rpnevaluator,Major,7,success,3.62,331.36
module_7_rpnevaluator,PITest,7,success,3.53,344.17
module_7_rpnevaluator,Major,8,success,3.93,302.03
module_7_rpnevaluator,PITest,8,success,3.45,345.20
module_7_rpnevaluator,Major,9,success,3.64,319.80
module_7_rpnevaluator,PITest,9,success,3.34,339.94
module_7_rpnevaluator,Major,10,success,4.19,319.73
module_7_rpnevaluator,PITest,10,success,3.49,313.27
module_7_rpnevaluator,Major,11,success,3.86,316.69
module_7_rpnevaluator,PITest,11,success,3.64,337.88
module_7_rpnevaluator,Major,12,success,3.88,297.77
module_7_rpnevaluator,PITest,12,success,3.45,319.97
module_7_rpnevaluator,Major,13,success,3.94,324.33
module_7_rpnevaluator,PITest,13,success,3.35,318.97
module_7_rpnevaluator,Major,14,success,3.82,309.38
module_7_rpnevaluator,PITest,14,success,3.48,310.41
module_7_rpnevaluator,Major,15,success,3.46,311.30
module_7_rpnevaluator,PITest,15,success,3.39,352.89
module_7_rpnevaluator,Major,16,success,3.77,325.38
module_7_rpnevaluator,PITest,16,success,3.39,321.75
module_7_rpnevaluator,Major,17,success,3.56,316.25
module_7_rpnevaluator,PITest,17,success,3.34,324.20
module_7_rpnevaluator,Major,18,success,3.47,318.38
module_7_rpnevaluator,PITest,18,success,3.46,301.84
module_7_rpnevaluator,Major,19,success,3.71,320.19
module_7_rpnevaluator,PITest,19,success,3.38,318.34
module_7_rpnevaluator,Major,20,success,3.90,317.52
module_7_rpnevaluator,PITest,20,success,3.99,299.39
module_7_rpnevaluator,Major,21,success,3.78,337.08
module_7_rpnevaluator,PITest,21,success,3.67,313.61
module_7_rpnevaluator,Major,22,success,3.90,312.77
module_7_rpnevaluator,PITest,22,success,3.79,305.08
module_7_rpnevaluator,Major,23,success,3.61,309.28
module_7_rpnevaluator,PITest,23,success,3.36,337.83
module_7_rpnevaluator,Major,24,success,3.66,335.06
module_7_rpnevaluator,PITest,24,success,3.68,294.12
module_7_rpnevaluator,Major,25,success,3.67,322.14
module_7_rpnevaluator,PITest,25,success,3.37,324.44
module_7_rpnevaluator,Major,26,success,3.59,326.41
module_7_rpnevaluator,PITest,26,success,3.68,269.59
module_7_rpnevaluator,Major,27,success,3.68,295.84
module_7_rpnevaluator,PITest,27,success,3.34,341.75
module_7_rpnevaluator,Major,28,success,3.61,301.83
module_7_rpnevaluator,PITest,28,success,3.57,305.05
module_7_rpnevaluator,Major,29,success,3.66,315.83
module_7_rpnevaluator,PITest,29,success,3.45,317.30
module_7_rpnevaluator,Major,30,success,3.59,327.23
module_7_rpnevaluator,PITest,30,success,3.35,316.77
GET_FACTORS,Major,1,success,3.24,349.12
GET_FACTORS,PITest,1,success,2.82,314.12
GET_FACTORS,Major,2,success,3.24,298.69
GET_FACTORS,PITest,2,success,2.80,319.38
GET_FACTORS,Major,3,success,3.25,293.17
GET_FACTORS,PITest,3,success,2.97,310.55
GET_FACTORS,Major,4,success,3.32,292.64
GET_FACTORS,PITest,4,success,2.76,321.77
GET_FACTORS,Major,5,success,3.22,358.75
GET_FACTORS,PITest,5,success,2.90,313.77
GET_FACTORS,Major,6,success,3.44,289.70
GET_FACTORS,PITest,6,success,2.78,325.98
GET_FACTORS,Major,7,success,3.21,361.70
GET_FACTORS,PITest,7,success,2.81,312.23
GET_FACTORS,Major,8,success,3.65,262.16
GET_FACTORS,PITest,8,success,2.88,293.16
GET_FACTORS,Major,9,success,3.18,307.53
GET_FACTORS,PITest,9,success,2.77,317.89
GET_FACTORS,Major,10,success,3.31,355.55
GET_FACTORS,PITest,10,success,3.20,293.58
GET_FACTORS,Major,11,success,3.24,291.70
GET_FACTORS,PITest,11,success,2.91,312.64
GET_FACTORS,Major,12,success,3.27,309.56
GET_FACTORS,PITest,12,success,2.81,308.19
GET_FACTORS,Major,13,success,3.79,299.61
GET_FACTORS,PITest,13,success,2.79,304.42
GET_FACTORS,Major,14,success,3.25,289.73
GET_FACTORS,PITest,14,success,2.78,313.95
GET_FACTORS,Major,15,success,3.34,291.25
GET_FACTORS,PITest,15,success,3.11,292.95
GET_FACTORS,Major,16,success,3.35,346.55
GET_FACTORS,PITest,16,success,2.78,311.33
GET_FACTORS,Major,17,success,3.24,298.23
GET_FACTORS,PITest,17,success,2.82,324.45
GET_FACTORS,Major,18,success,3.44,289.09
GET_FACTORS,PITest,18,success,2.81,320.20
GET_FACTORS,Major,19,success,3.25,372.53
GET_FACTORS,PITest,19,success,2.83,312.31
GET_FACTORS,Major,20,success,3.23,361.25
GET_FACTORS,PITest,20,success,2.86,323.17
GET_FACTORS,Major,21,success,3.35,302.36
GET_FACTORS,PITest,21,success,2.92,323.14
GET_FACTORS,Major,22,success,3.36,285.23
GET_FACTORS,PITest,22,success,2.88,322.55
GET_FACTORS,Major,23,success,3.42,283.41
GET_FACTORS,PITest,23,success,2.79,315.95
GET_FACTORS,Major,24,success,3.30,345.14
GET_FACTORS,PITest,24,success,2.77,313.94
GET_FACTORS,Major,25,success,3.54,294.75
GET_FACTORS,PITest,25,success,2.79,310.69
GET_FACTORS,Major,26,success,3.32,355.52
GET_FACTORS,PITest,26,success,2.82,314.03
GET_FACTORS,Major,27,success,3.36,306.42
GET_FACTORS,PITest,27,success,3.12,247.97
GET_FACTORS,Major,28,success,3.32,356.78
GET_FACTORS,PITest,28,success,2.86,331.45
GET_FACTORS,Major,29,success,3.23,297.34
GET_FACTORS,PITest,29,success,2.80,312.59
GET_FACTORS,Major,30,success,3.66,292.84
GET_FACTORS,PITest,30,success,2.87,320.67
QUICKSORT,Major,1,success,3.32,296.08
QUICKSORT,PITest,1,success,2.78,310.69
QUICKSORT,Major,2,success,3.23,287.83
QUICKSORT,PITest,2,success,3.32,303.97
QUICKSORT,Major,3,success,3.23,312.64
QUICKSORT,PITest,3,success,2.81,312.50
QUICKSORT,Major,4,success,3.23,288.72
QUICKSORT,PITest,4,success,2.77,327.25
QUICKSORT,Major,5,success,3.47,275.58
QUICKSORT,PITest,5,success,2.82,312.36
QUICKSORT,Major,6,success,3.37,310.06
QUICKSORT,PITest,6,success,2.78,322.33
QUICKSORT,Major,7,success,3.36,286.14
QUICKSORT,PITest,7,success,3.01,331.02
QUICKSORT,Major,8,success,3.36,292.05
QUICKSORT,PITest,8,success,2.79,317.11
QUICKSORT,Major,9,success,3.33,294.41
QUICKSORT,PITest,9,success,2.88,307.38
QUICKSORT,Major,10,success,3.36,298.84
QUICKSORT,PITest,10,success,2.78,285.78
QUICKSORT,Major,11,success,3.27,296.52
QUICKSORT,PITest,11,success,2.71,309.05
QUICKSORT,Major,12,success,3.43,256.02
QUICKSORT,PITest,12,success,2.92,310.02
QUICKSORT,Major,13,success,3.38,281.25
QUICKSORT,PITest,13,success,2.97,316.39
QUICKSORT,Major,14,success,3.58,293.97
QUICKSORT,PITest,14,success,3.11,303.23
QUICKSORT,Major,15,success,3.26,283.41
QUICKSORT,PITest,15,success,2.80,274.61
QUICKSORT,Major,16,success,3.38,303.52
QUICKSORT,PITest,16,success,2.88,322.03
QUICKSORT,Major,17,success,3.80,284.91
QUICKSORT,PITest,17,success,2.92,321.00
QUICKSORT,Major,18,success,3.27,285.16
QUICKSORT,PITest,18,success,2.68,309.39
QUICKSORT,Major,19,success,3.22,287.39
QUICKSORT,PITest,19,success,3.13,298.95
QUICKSORT,Major,20,success,3.26,270.86
QUICKSORT,PITest,20,success,2.79,304.42
QUICKSORT,Major,21,success,3.31,283.59
QUICKSORT,PITest,21,success,2.88,317.62
QUICKSORT,Major,22,success,3.77,294.52
QUICKSORT,PITest,22,success,3.00,315.14
QUICKSORT,Major,23,success,3.25,293.05
QUICKSORT,PITest,23,success,3.08,319.38
QUICKSORT,Major,24,success,3.85,284.08
QUICKSORT,PITest,24,success,3.01,310.77
QUICKSORT,Major,25,success,3.47,291.73
QUICKSORT,PITest,25,success,2.79,323.48
QUICKSORT,Major,26,success,3.33,293.09
QUICKSORT,PITest,26,success,3.13,308.53
QUICKSORT,Major,27,success,3.37,294.73
QUICKSORT,PITest,27,success,2.79,316.67
QUICKSORT,Major,28,success,3.32,294.67
QUICKSORT,PITest,28,success,2.80,325.27
QUICKSORT,Major,29,success,3.53,277.33
QUICKSORT,PITest,29,success,2.77,292.42
QUICKSORT,Major,30,success,3.23,281.45
QUICKSORT,PITest,30,success,2.78,295.80
module_2_jarowinkler,Major,1,success,5.51,338.55
module_2_jarowinkler,PITest,1,success,9.43,308.78
module_2_jarowinkler,Major,2,success,5.89,315.95
module_2_jarowinkler,PITest,2,success,10.00,319.44
module_2_jarowinkler,Major,3,success,5.33,371.69
module_2_jarowinkler,PITest,3,success,9.35,321.67
module_2_jarowinkler,Major,4,success,5.54,286.77
module_2_jarowinkler,PITest,4,success,9.57,318.11
module_2_jarowinkler,Major,5,success,5.29,382.42
module_2_jarowinkler,PITest,5,success,9.36,300.64
module_2_jarowinkler,Major,6,success,5.29,309.06
module_2_jarowinkler,PITest,6,success,9.53,331.77
module_2_jarowinkler,Major,7,success,5.01,376.08
module_2_jarowinkler,PITest,7,success,9.37,315.34
module_2_jarowinkler,Major,8,success,5.39,431.05
module_2_jarowinkler,PITest,8,success,9.60,317.48
module_2_jarowinkler,Major,9,success,5.02,408.27
module_2_jarowinkler,PITest,9,success,9.53,325.70
module_2_jarowinkler,Major,10,success,5.01,416.73
module_2_jarowinkler,PITest,10,success,9.59,320.11
module_2_jarowinkler,Major,11,success,4.95,428.83
module_2_jarowinkler,PITest,11,success,9.69,334.45
module_2_jarowinkler,Major,12,success,5.06,422.62
module_2_jarowinkler,PITest,12,success,9.73,293.61
module_2_jarowinkler,Major,13,success,5.02,397.53
module_2_jarowinkler,PITest,13,success,9.85,316.95
module_2_jarowinkler,Major,14,success,5.13,424.14
module_2_jarowinkler,PITest,14,success,9.73,308.03
module_2_jarowinkler,Major,15,success,5.09,397.81
module_2_jarowinkler,PITest,15,success,9.80,280.25
module_2_jarowinkler,Major,16,success,5.22,368.86
module_2_jarowinkler,PITest,16,success,9.58,288.58
module_2_jarowinkler,Major,17,success,5.04,422.38
module_2_jarowinkler,PITest,17,success,9.69,317.05
module_2_jarowinkler,Major,18,success,4.95,415.39
module_2_jarowinkler,PITest,18,success,9.93,330.89
module_2_jarowinkler,Major,19,success,4.96,411.64
module_2_jarowinkler,PITest,19,success,9.42,342.98
module_2_jarowinkler,Major,20,success,4.98,384.44
module_2_jarowinkler,PITest,20,success,9.90,332.83
module_2_jarowinkler,Major,21,success,5.05,465.28
module_2_jarowinkler,PITest,21,success,9.63,349.45
module_2_jarowinkler,Major,22,success,5.12,414.84
module_2_jarowinkler,PITest,22,success,9.60,350.77
module_2_jarowinkler,Major,23,success,5.00,436.92
module_2_jarowinkler,PITest,23,success,9.37,337.59
module_2_jarowinkler,Major,24,success,4.95,424.08
module_2_jarowinkler,PITest,24,success,9.60,351.75
module_2_jarowinkler,Major,25,success,4.99,434.47
module_2_jarowinkler,PITest,25,success,9.68,334.34
module_2_jarowinkler,Major,26,success,5.10,439.20
module_2_jarowinkler,PITest,26,success,9.79,352.00
module_2_jarowinkler,Major,27,success,4.99,388.91
module_2_jarowinkler,PITest,27,success,9.66,355.28
module_2_jarowinkler,Major,28,success,5.06,414.92
module_2_jarowinkler,PITest,28,success,9.54,334.31
module_2_jarowinkler,Major,29,success,5.12,414.78
module_2_jarowinkler,PITest,29,success,9.32,329.70
module_2_jarowinkler,Major,30,success,5.02,415.91
module_2_jarowinkler,PITest,30,success,9.61,357.27
SUBSEQUENCES,Major,1,success,3.78,470.41
SUBSEQUENCES,PITest,1,success,3.24,314.69
SUBSEQUENCES,Major,2,success,3.53,434.86
SUBSEQUENCES,PITest,2,success,2.79,349.11
SUBSEQUENCES,Major,3,success,3.68,371.30
SUBSEQUENCES,PITest,3,success,2.89,343.72
SUBSEQUENCES,Major,4,success,3.60,453.19
SUBSEQUENCES,PITest,4,success,2.81,345.11
SUBSEQUENCES,Major,5,success,3.43,455.31
SUBSEQUENCES,PITest,5,success,3.00,314.28
SUBSEQUENCES,Major,6,success,3.53,396.39
SUBSEQUENCES,PITest,6,success,2.73,317.97
SUBSEQUENCES,Major,7,success,3.42,401.09
SUBSEQUENCES,PITest,7,success,3.30,312.25
SUBSEQUENCES,Major,8,success,3.53,469.50
SUBSEQUENCES,PITest,8,success,3.00,337.45
SUBSEQUENCES,Major,9,success,3.45,450.59
SUBSEQUENCES,PITest,9,success,3.01,339.89
SUBSEQUENCES,Major,10,success,3.65,386.16
SUBSEQUENCES,PITest,10,success,3.00,338.30
SUBSEQUENCES,Major,11,success,3.43,469.86
SUBSEQUENCES,PITest,11,success,3.14,329.22
SUBSEQUENCES,Major,12,success,3.50,396.78
SUBSEQUENCES,PITest,12,success,3.32,306.39
SUBSEQUENCES,Major,13,success,3.59,365.98
SUBSEQUENCES,PITest,13,success,2.92,323.28
SUBSEQUENCES,Major,14,success,3.47,453.41
SUBSEQUENCES,PITest,14,success,3.23,244.89
SUBSEQUENCES,Major,15,success,3.56,457.66
SUBSEQUENCES,PITest,15,success,2.89,324.23
SUBSEQUENCES,Major,16,success,3.55,456.17
SUBSEQUENCES,PITest,16,success,2.91,340.53
SUBSEQUENCES,Major,17,success,3.76,452.81
SUBSEQUENCES,PITest,17,success,3.13,310.09
SUBSEQUENCES,Major,18,success,3.35,470.56
SUBSEQUENCES,PITest,18,success,3.04,341.31
SUBSEQUENCES,Major,19,success,3.89,372.89
SUBSEQUENCES,PITest,19,success,3.11,321.88
SUBSEQUENCES,Major,20,success,3.66,389.17
SUBSEQUENCES,PITest,20,success,3.44,335.44
SUBSEQUENCES,Major,21,success,3.47,479.95
SUBSEQUENCES,PITest,21,success,3.01,305.38
SUBSEQUENCES,Major,22,success,3.58,443.36
SUBSEQUENCES,PITest,22,success,2.91,324.95
SUBSEQUENCES,Major,23,success,3.56,424.25
SUBSEQUENCES,PITest,23,success,3.56,320.75
SUBSEQUENCES,Major,24,success,3.67,376.22
SUBSEQUENCES,PITest,24,success,2.90,318.23
SUBSEQUENCES,Major,25,success,3.46,470.59
SUBSEQUENCES,PITest,25,success,3.02,343.67
SUBSEQUENCES,Major,26,success,3.66,451.78
SUBSEQUENCES,PITest,26,success,2.97,303.52
SUBSEQUENCES,Major,27,success,3.64,416.05
SUBSEQUENCES,PITest,27,success,3.37,340.33
SUBSEQUENCES,Major,28,success,4.11,362.05
SUBSEQUENCES,PITest,28,success,3.10,324.28
SUBSEQUENCES,Major,29,success,3.64,413.45
SUBSEQUENCES,PITest,29,success,3.33,340.39
SUBSEQUENCES,Major,30,success,3.75,307.89
SUBSEQUENCES,PITest,30,success,2.88,323.03
MERGESORT,Major,1,success,3.89,426.00
MERGESORT,PITest,1,success,3.22,346.22
MERGESORT,Major,2,success,3.85,469.92
MERGESORT,PITest,2,success,3.57,332.39
MERGESORT,Major,3,success,4.00,385.33
MERGESORT,PITest,3,success,3.31,336.09
MERGESORT,Major,4,success,3.56,484.47
MERGESORT,PITest,4,success,3.67,313.44
MERGESORT,Major,5,success,3.99,382.44
MERGESORT,PITest,5,success,3.23,328.59
MERGESORT,Major,6,success,3.59,435.80
MERGESORT,PITest,6,success,3.38,324.78
MERGESORT,Major,7,success,3.91,339.41
MERGESORT,PITest,7,success,3.25,356.62
MERGESORT,Major,8,success,3.49,420.31
MERGESORT,PITest,8,success,3.25,353.50
MERGESORT,Major,9,success,3.68,379.42
MERGESORT,PITest,9,success,3.10,326.02
MERGESORT,Major,10,success,3.68,400.03
MERGESORT,PITest,10,success,3.12,348.39
MERGESORT,Major,11,success,3.91,423.48
MERGESORT,PITest,11,success,2.94,322.12
MERGESORT,Major,12,success,3.60,447.66
MERGESORT,PITest,12,success,3.02,349.16
MERGESORT,Major,13,success,3.75,283.28
MERGESORT,PITest,13,success,3.01,319.25
MERGESORT,Major,14,success,3.59,396.16
MERGESORT,PITest,14,success,3.03,360.42
MERGESORT,Major,15,success,3.65,405.91
MERGESORT,PITest,15,success,3.45,340.55
MERGESORT,Major,16,success,3.68,411.80
MERGESORT,PITest,16,success,3.47,351.31
MERGESORT,Major,17,success,3.56,428.50
MERGESORT,PITest,17,success,3.44,323.95
MERGESORT,Major,18,success,3.59,410.59
MERGESORT,PITest,18,success,3.51,329.69
MERGESORT,Major,19,success,3.47,424.78
MERGESORT,PITest,19,success,2.77,354.33
MERGESORT,Major,20,success,3.45,391.48
MERGESORT,PITest,20,success,2.78,320.31
MERGESORT,Major,21,success,3.44,391.38
MERGESORT,PITest,21,success,2.80,341.52
MERGESORT,Major,22,success,3.59,329.67
MERGESORT,PITest,22,success,2.99,336.14
MERGESORT,Major,23,success,3.70,409.66
MERGESORT,PITest,23,success,3.32,328.27
MERGESORT,Major,24,success,3.89,405.75
MERGESORT,PITest,24,success,3.43,325.78
MERGESORT,Major,25,success,3.85,395.67
MERGESORT,PITest,25,success,3.01,335.02
MERGESORT,Major,26,success,3.47,406.45
MERGESORT,PITest,26,success,3.22,311.08
MERGESORT,Major,27,success,3.54,408.92
MERGESORT,PITest,27,success,2.80,344.48
MERGESORT,Major,28,success,3.36,405.19
MERGESORT,PITest,28,success,2.80,342.12
MERGESORT,Major,29,success,3.77,377.11
MERGESORT,PITest,29,success,2.81,323.38
MERGESORT,Major,30,success,3.45,413.70
MERGESORT,PITest,30,success,3.01,360.27
